point1_x,point1_y,point2_x,point2_y,point3_x,point3_y,point4_x,point4_y,point5_x,point5_y,point6_x,point6_y,point7_x,point7_y,point8_x,point8_y,point9_x,point9_y,point10_x,point10_y,point11_x,point11_y,point12_x,point12_y,point13_x,point13_y,point14_x,point14_y
1377.815308,1520.134888,1375.438843,1536.770386,1396.827393,1524.887939,1387.321411,1567.665039,1418.215942,1551.029541,1427.722046,1593.806641,1346.920776,1517.758423,1354.050293,1534.393921,1356.426758,1600.936157,1406.333496,1615.19519,1380.191895,1489.240234,1422.968994,1510.628906,1449.110596,1503.499268,1482.381714,1589.053589
1370.751587,1513.714844,1368.367065,1532.79126,1389.828125,1520.868408,1382.674438,1568.559692,1413.673706,1547.098633,1423.211914,1590.020752,1342.136963,1520.868408,1354.059692,1535.175781,1342.136963,1582.867065,1404.135498,1613.866333,1370.751587,1485.100098,1408.904541,1508.945679,1449.442139,1501.791992,1475.672241,1585.251587
1361.774292,1511.452881,1361.774292,1531.562378,1381.883911,1513.966553,1379.370239,1556.699463,1407.020996,1539.103516,1417.075806,1584.350098,1329.096191,1518.993896,1354.233276,1534.076172,1331.609985,1579.322754,1404.507202,1614.514526,1359.26062,1483.802124,1386.911377,1493.856934,1449.753906,1503.911743,1464.83606,1569.267944
1355.744751,1510.817017,1355.744751,1529.760986,1371.982422,1510.817017,1371.982422,1554.117554,1396.338989,1529.760986,1417.989258,1578.473999,1323.269409,1518.935913,1323.269409,1564.942627,1323.269409,1567.648926,1407.164063,1613.655762,1350.332153,1478.341675,1374.688721,1475.635376,1450.4646,1502.69812,1450.4646,1551.411255
1349.09082,1506.247681,1349.09082,1524.960571,1367.803711,1506.247681,1370.477051,1549.02002,1394.536499,1527.633789,1415.922607,1567.73291,1317.011597,1514.267456,1311.665039,1498.227905,1322.358154,1565.059692,1405.229614,1615.851807,1346.417603,1474.168457,1373.150269,1474.168457,1448.001953,1503.574463,1442.655396,1546.346802
1345.879883,1505.439941,1348.500854,1526.407471,1366.847412,1505.439941,1369.468384,1547.375,1390.435913,1523.786499,1414.024292,1563.100586,1317.049561,1515.923706,1311.807739,1497.577148,1322.291504,1565.721558,1406.161499,1612.898438,1343.259033,1473.98877,1372.089355,1473.98877,1442.854614,1505.439941,1442.854614,1547.375
1345.133423,1501.821045,1345.133423,1519.453003,1362.765381,1504.339844,1367.803101,1547.1604,1387.953857,1521.971802,1408.104736,1559.754639,1312.388306,1516.934082,1312.388306,1496.783325,1319.944946,1567.311157,1403.067017,1607.612793,1342.614624,1471.594849,1370.321899,1471.594849,1430.774414,1499.302124,1440.849854,1547.1604
1340.042847,1498.328125,1340.042847,1517.405884,1359.120605,1500.712891,1361.505249,1543.637817,1385.352539,1522.175293,1406.814941,1557.946167,1316.195557,1517.405884,1309.041504,1495.943359,1318.580322,1567.484985,1390.121948,1596.101685,1342.42749,1464.942017,1371.044189,1472.096191,1404.430298,1479.250366,1440.20105,1548.407227
1335.592529,1493.178589,1337.775146,1510.639771,1357.418945,1495.361206,1355.236206,1539.014038,1381.427979,1517.187622,1398.889038,1558.657837,1313.766113,1512.822388,1315.94873,1521.552979,1320.313965,1565.205688,1366.149414,1580.484253,1342.140381,1460.438965,1370.514771,1473.53479,1398.889038,1464.804321,1440.359253,1545.562012
1334.617188,1489.961792,1336.807007,1509.670776,1356.515991,1492.151611,1354.326172,1538.139282,1378.414917,1516.240356,1393.744019,1555.658325,1314.908203,1503.101074,1314.908203,1520.620117,1321.477783,1566.607788,1363.085693,1570.987549,1341.186768,1461.493286,1371.845215,1472.442749,1395.93396,1457.113525,1441.921509,1546.898804
1332.965454,1487.24939,1332.965454,1506.871338,1354.7677,1491.609863,1350.407227,1535.214355,1376.569946,1515.592285,1391.831543,1554.836304,1313.343506,1504.691162,1313.343506,1517.772461,1322.064331,1563.557251,1363.488647,1572.278076,1337.325928,1456.726196,1372.209473,1471.987793,1396.192017,1458.906494,1439.796387,1546.115479
1330.893799,1482.874023,1333.073975,1502.494507,1352.694458,1485.054077,1346.154297,1530.835449,1374.495117,1511.214844,1385.395508,1552.635986,1313.453369,1500.314453,1315.633423,1513.394897,1317.813477,1556.996094,1363.594849,1570.076538,1337.434082,1452.353027,1372.315063,1471.973633,1396.295776,1458.893311,1437.717041,1546.095825
1331.078491,1476.311646,1331.078491,1496.129272,1350.896118,1480.715576,1346.492188,1522.552856,1372.915771,1504.937134,1383.925537,1546.774414,1309.058838,1441.0802,1313.462769,1509.341064,1315.664673,1544.57251,1364.10791,1568.794067,1333.280396,1443.282227,1372.915771,1471.907715,1394.935425,1456.494019,1427.964844,1535.764648
1331.316284,1471.201782,1329.021729,1489.558105,1347.378052,1471.201782,1342.789063,1517.092773,1372.618164,1498.736328,1381.796387,1540.038208,1312.959839,1478.085449,1312.959839,1501.030884,1317.54895,1537.743652,1365.734497,1569.86731,1335.905396,1436.783569,1365.734497,1464.318115,1395.563599,1457.434448,1425.3927,1521.681885
1332.886108,1463.637573,1330.351807,1483.912109,1350.626221,1468.706177,1345.557617,1509.255127,1373.435059,1494.049316,1378.503662,1537.132568,1310.077271,1476.309204,1315.145996,1504.186523,1315.145996,1534.598267,1363.297852,1570.078613,1335.42041,1430.69165,1363.297852,1435.760254,1396.243896,1458.56897,1424.121216,1516.858154
1334.594482,1460.305786,1332.19519,1481.898682,1353.788208,1462.704956,1346.590576,1505.890869,1375.381104,1489.096313,1382.578735,1532.282227,1313.001587,1474.70105,1313.001587,1498.693237,1315.400757,1534.681396,1363.38501,1570.669556,1339.392822,1429.115967,1365.78418,1433.914429,1394.574829,1457.906616,1423.365356,1515.487671
1338.463257,1455.129272,1333.751465,1471.620605,1354.95459,1459.841064,1345.531006,1504.603149,1376.157715,1490.467773,1383.225342,1530.518066,1317.260254,1466.908813,1312.54834,1497.5354,1317.260254,1532.873901,1362.022217,1570.568359,1343.175049,1429.214355,1364.378174,1433.926147,1395.004883,1457.485229,1423.275635,1514.026733
1342.789795,1453.477173,1337.514771,1469.302368,1358.61499,1458.752319,1348.064941,1500.952637,1379.71521,1493.040039,1379.71521,1529.965454,1311.139526,1442.927124,1311.139526,1495.677612,1319.052124,1532.602905,1361.252563,1569.52832,1358.61499,1424.464478,1366.527588,1432.377075,1406.090454,1453.477173,1421.915527,1516.777832
1345.266602,1448.774536,1340.075562,1466.942993,1360.8396,1456.561035,1347.862061,1498.088867,1381.603516,1487.706909,1379.008057,1529.234863,1311.525146,1443.583496,1321.907104,1464.347412,1319.311646,1531.830444,1358.244019,1565.571899,1358.244019,1422.819458,1366.030518,1433.201538,1410.154053,1453.965454,1423.13147,1516.257446
1347.389282,1445.538818,1340.061279,1462.637695,1364.488037,1455.30957,1347.389282,1496.835327,1379.144287,1484.621826,1379.144287,1526.147583,1308.306274,1440.653564,1318.077026,1465.080322,1318.077026,1531.032959,1354.717285,1553.01709,1357.160034,1418.669312,1364.488037,1433.325439,1418.227295,1450.424316,1423.112549,1516.376831
1349.217773,1442.448853,1342.519043,1460.31189,1367.080688,1451.380371,1351.450562,1491.572144,1382.710938,1480.407837,1382.710938,1522.832397,1317.957397,1437.983154,1317.957397,1462.5448,1317.957397,1529.531128,1344.751953,1542.928345,1360.38208,1413.421509,1367.080688,1433.517334,1420.6698,1449.147461,1422.90271,1516.133789
1352.665039,1435.554077,1345.591064,1454.417969,1371.529053,1447.343994,1352.665039,1485.071899,1385.677002,1473.281982,1385.677002,1520.441772,1322.01123,1430.838135,1319.653198,1463.849976,1324.369141,1522.799805,1343.233154,1529.873779,1362.097046,1407.258179,1364.455078,1433.196045,1428.12085,1433.196045,1423.404785,1515.72583
1353.288818,1427.938843,1348.753418,1446.080078,1373.697754,1437.009399,1351.021118,1480.094971,1387.303711,1464.221313,1385.036011,1511.842163,1323.809204,1418.868164,1314.738525,1459.686035,1330.612183,1511.842163,1346.48584,1529.983521,1364.627075,1396.191528,1362.359375,1396.191528,1428.121582,1423.403442,1423.586182,1516.377563
1355.390503,1418.591675,1350.447754,1440.83374,1375.161255,1430.948364,1355.390503,1470.48999,1387.518066,1458.133301,1382.575317,1505.088867,1323.262939,1411.177612,1320.791626,1463.075928,1318.320313,1463.075928,1343.033691,1527.331055,1365.275879,1388.935425,1362.804565,1386.464111,1429.531006,1423.534302,1424.588257,1514.974243
1353.762573,1414.089478,1346.946045,1432.266846,1374.212158,1423.178223,1356.03479,1464.077271,1387.845093,1454.988525,1383.300781,1502.704102,1324.224365,1405.000854,1319.680054,1475.43811,1317.407959,1477.710205,1344.67395,1527.697998,1367.39563,1386.823486,1367.39563,1384.55127,1428.744141,1423.178223,1421.927612,1516.337158
1353.084106,1411.865845,1347.528931,1431.309082,1372.527466,1422.976318,1353.084106,1459.085205,1386.415527,1447.974854,1383.637939,1495.194214,1325.307983,1397.977783,1316.97522,1475.750977,1319.752808,1478.528564,1347.528931,1525.747925,1372.527466,1381.312134,1428.079712,1422.976318,1430.8573,1422.976318,1419.746826,1511.859863
1352.321655,1405.918213,1344.721558,1421.118164,1372.588379,1416.051514,1352.321655,1456.584961,1385.255005,1446.45166,1382.72168,1486.985107,1326.988159,1395.78479,1316.854736,1410.984863,1316.854736,1476.851807,1347.254883,1527.518677,1372.588379,1378.051392,1372.588379,1372.984741,1428.321899,1423.651611,1420.721802,1497.11853
1351.419434,1401.820068,1343.480347,1420.344727,1372.590576,1412.40564,1351.419434,1452.101318,1383.176025,1441.515869,1383.176025,1486.504272,1324.955688,1393.880981,1317.016602,1407.112915,1319.662964,1478.565186,1348.773071,1520.907227,1367.297729,1372.709961,1428.164551,1422.991211,1430.810913,1422.991211,1422.871704,1481.211548
1352.187622,1397.367676,1345.07019,1413.974976,1371.16748,1406.857544,1349.815186,1444.817261,1383.029907,1437.699829,1383.029907,1480.404541,1321.345459,1387.877686,1316.600464,1406.857544,1318.9729,1478.031982,1349.815186,1506.501831,1364.050049,1368.897827,1375.912476,1390.250244,1430.479614,1423.464966,1423.362183,1480.404541
1349.512817,1389.923828,1342.887573,1407.591064,1364.97168,1396.549072,1349.512817,1438.508667,1380.43042,1434.091797,1378.222046,1473.84314,1318.595215,1383.298584,1316.386841,1407.591064,1318.595215,1478.259888,1338.470825,1489.30188,1362.763306,1361.2146,1371.596802,1367.839844,1429.015259,1423.049805,1424.598511,1480.468262
1345.690796,1386.40918,1341.383545,1403.638428,1362.920044,1390.716553,1347.844482,1433.789673,1377.995605,1427.328735,1375.842041,1468.248169,1317.693237,1377.794678,1315.539551,1405.792114,1317.693237,1472.55542,1339.229858,1479.016479,1358.612793,1354.10437,1371.534668,1364.872681,1429.68335,1423.021362,1423.222412,1479.016479
1344.53186,1381.271118,1339.606201,1400.973633,1361.771606,1388.659546,1344.53186,1428.064697,1374.085693,1420.67627,1371.622803,1462.544067,1314.978027,1373.88269,1314.978027,1408.362183,1342.069092,1477.321045,1342.069092,1479.783813,1356.845947,1351.717285,1371.622803,1364.031372,1428.267578,1423.139038,1420.87915,1477.321045
1341.411011,1375.879272,1336.614502,1397.463501,1360.596924,1383.073975,1343.809204,1426.242432,1372.588135,1411.853027,1370.189941,1457.419678,1312.63208,1368.68457,1317.428467,1407.056519,1312.63208,1426.242432,1341.411011,1479.003906,1353.402222,1347.100342,1370.189941,1363.888062,1427.747803,1423.844238,1415.756592,1467.012695
1341.982178,1372.003174,1334.157471,1390.260742,1360.239746,1379.827881,1341.982178,1421.559326,1370.672607,1405.910034,1373.280762,1450.249756,1308.075317,1364.178589,1318.508179,1405.910034,1295.034302,1421.559326,1341.982178,1478.940186,1349.806763,1340.70459,1370.672607,1361.570313,1425.44519,1421.559326,1412.404053,1445.033325
1339.144531,1365.187134,1331.119019,1381.238403,1357.870972,1375.887939,1341.819824,1413.34082,1365.896606,1399.964844,1373.922241,1442.768066,1312.392578,1357.161499,1290.990967,1416.015991,1290.990967,1416.015991,1341.819824,1480.220947,1349.845459,1333.084717,1371.24707,1359.836792,1414.050293,1413.34082,1406.024658,1437.417725
1335.399292,1360.256104,1330.296143,1378.116943,1350.708496,1370.46228,1337.950806,1408.735352,1366.0177,1393.426147,1371.120728,1436.802368,1307.332275,1355.153076,1304.780762,1370.46228,1292.023071,1416.390015,1343.053833,1477.626953,1348.156982,1329.637695,1371.120728,1360.256104,1371.120728,1360.256104,1406.842285,1436.802368
1332.99231,1354.766357,1325.415894,1369.919067,1348.14502,1364.868164,1332.99231,1402.75,1363.297729,1392.648193,1365.823242,1433.05542,1300.161377,1347.190063,1295.110474,1362.342773,1292.585083,1417.90271,1345.619507,1468.411865,1343.094116,1324.460938,1373.399536,1359.817261,1375.925049,1357.29187,1406.230469,1435.580933
1327.001099,1349.911133,1322.05835,1367.210571,1346.771851,1357.325195,1331.943848,1396.866699,1361.599976,1386.981323,1361.599976,1428.994263,1294.873535,1344.968384,1294.873535,1362.267822,1289.930908,1416.637573,1344.300537,1458.650513,1339.357788,1320.254883,1388.78479,1335.083008,1388.78479,1332.611694,1406.084229,1433.937012
1323.153564,1341.55127,1318.335815,1360.822266,1344.833496,1346.369019,1325.5625,1387.319824,1361.695557,1377.684326,1361.695557,1421.044189,1294.24707,1360.822266,1294.24707,1360.822266,1291.838135,1416.226318,1311.109131,1440.315186,1335.197998,1310.23584,1390.602051,1334.324707,1390.602051,1334.324707,1405.055298,1433.088501
1323.245361,1330.997559,1316.677124,1350.702148,1342.949951,1337.565674,1325.434692,1379.164429,1358.275757,1370.406738,1358.275757,1414.194824,1290.404297,1326.618774,1294.783081,1361.64917,1292.59375,1414.194824,1325.434692,1429.52063,1332.00293,1302.535278,1388.927368,1337.565674,1391.116821,1335.376343,1404.253174,1429.52063
1317.38269,1327.556274,1310.762329,1347.41748,1339.450684,1336.383545,1321.796265,1378.3125,1354.898193,1367.278564,1354.898193,1409.207642,1282.074097,1325.349487,1295.314819,1362.86499,1385.793335,1334.176636,1326.209839,1429.068726,1330.623535,1301.074829,1295.314819,1360.658203,1390.206909,1334.176636,1399.034058,1422.448364
1312.161621,1320.486938,1305.30835,1341.046631,1330.436768,1325.055786,1319.014771,1370.743896,1350.99646,1357.037476,1350.99646,1400.441162,1280.179932,1320.486938,1296.170776,1363.890625,1266.473511,1375.312622,1325.868042,1427.854004,1323.583618,1293.074097,1330.436768,1295.358521,1389.831299,1334.193359,1392.115723,1405.009888
1305.557739,1314.212158,1300.202148,1335.634399,1340.368896,1338.312256,1313.591064,1362.412231,1340.368896,1343.667725,1348.402222,1394.545654,1270.746582,1314.212158,1260.035522,1365.089966,1257.357666,1365.089966,1324.302246,1426.678955,1310.91333,1282.078857,1332.335571,1287.434326,1388.56897,1332.956665,1385.891113,1383.834473
1300.63916,1310.062866,1295.369019,1331.143677,1319.084961,1315.333008,1313.814697,1360.129883,1337.530762,1341.684082,1348.071167,1389.116089,1266.382813,1312.697998,1261.112549,1365.400146,1258.477417,1368.035278,1326.990234,1428.6427,1305.909424,1278.441528,1329.625366,1286.346802,1390.23291,1333.778809,1379.692505,1370.670288
1296.12085,1308.758423,1291.452515,1325.097534,1314.794067,1313.426758,1307.791626,1355.44165,1333.467407,1339.102539,1349.806519,1383.451538,1263.442627,1308.758423,1263.442627,1367.112427,1261.108398,1367.112427,1326.464966,1427.800659,1303.123291,1276.0802,1331.133301,1287.750977,1384.81897,1325.097534,1375.4823,1369.446655
1290.567749,1304.465454,1287.936035,1322.887573,1311.621582,1309.728882,1303.726318,1351.836548,1332.675415,1333.414429,1343.202271,1375.522095,1261.618774,1304.465454,1264.250488,1317.624023,1258.987061,1367.626831,1327.411865,1420.261475,1298.462891,1272.884766,1330.043701,1288.675049,1330.043701,1286.043335,1374.782959,1370.258667
1284.226563,1295.675415,1281.732666,1315.626587,1304.177734,1300.663208,1296.696045,1345.553345,1326.622803,1330.589966,1336.598389,1370.49231,1254.299805,1295.675415,1254.299805,1310.638794,1261.781494,1367.998413,1316.647217,1405.406738,1291.708252,1268.242676,1331.610596,1288.193726,1349.067871,1280.712036,1374.006714,1370.49231
1279.422974,1290.602661,1277.064453,1307.111938,1300.64917,1295.31958,1288.856812,1337.772095,1319.516968,1321.262817,1328.950928,1366.073853,1248.762695,1288.244141,1248.762695,1307.111938,1262.913574,1368.432373,1298.290771,1387.300049,1286.498291,1257.583984,1321.875488,1292.961182,1345.460205,1269.376343,1373.761963,1368.432373
1275.567139,1285.152832,1273.157715,1302.019531,1297.252808,1289.971924,1285.205322,1328.52417,1314.119507,1316.476563,1321.348022,1357.438477,1246.652954,1282.743408,1249.0625,1309.248047,1261.110107,1367.076538,1290.024292,1381.533569,1285.205322,1249.010132,1321.348022,1289.971924,1345.443237,1270.695801,1371.947876,1364.666992
1271.921875,1280.686279,1269.59436,1299.306641,1288.214844,1283.013794,1278.904541,1327.237427,1311.490356,1313.272095,1318.473022,1352.840576,1239.33606,1285.341309,1248.646362,1308.616943,1262.611694,1362.150757,1290.542358,1380.77124,1278.904541,1250.427979,1313.817871,1283.013794,1346.403687,1271.375977,1369.679321,1359.823242
1266.500488,1277.348755,1264.059082,1296.880005,1286.031616,1279.790161,1278.707397,1323.735474,1308.004272,1306.64563,1310.445679,1348.149414,1229.879395,1284.672974,1249.410645,1306.64563,1242.086426,1338.383789,1290.914429,1379.887695,1264.059082,1248.052002,1347.06665,1270.024536,1347.06665,1270.024536,1361.715088,1348.149414
1257.808105,1274.30542,1255.256592,1294.717651,1273.11731,1274.30542,1273.11731,1317.681519,1301.184204,1294.717651,1308.838867,1340.645386,1224.638062,1281.959961,1250.153442,1307.475342,1239.947266,1330.439209,1293.529663,1378.918457,1252.704956,1243.68689,1273.11731,1246.238403,1347.111938,1271.753784,1352.214966,1327.887695
1248.835449,1269.229004,1251.296509,1286.456421,1266.062744,1266.768066,1270.984863,1311.066772,1295.595215,1288.91748,1307.900513,1330.755127,1214.380859,1276.612183,1251.296509,1308.605713,1236.530151,1338.138306,1293.134277,1379.976074,1246.37439,1239.696533,1266.062744,1234.774414,1344.816162,1271.690063,1339.894043,1315.988892
1248.554321,1265.389648,1248.554321,1284.875732,1265.604614,1262.953857,1270.476196,1309.233398,1289.96228,1287.311523,1309.448486,1328.719604,1214.453613,1275.13269,1238.811279,1331.155396,1238.811279,1336.026855,1294.833862,1377.434937,1248.554321,1233.724731,1265.604614,1236.160522,1345.984985,1270.26123,1336.241821,1314.10498
1245.871826,1266.589111,1243.342285,1284.29541,1261.048584,1264.05957,1268.637085,1312.119751,1288.872925,1284.29541,1309.108765,1324.76709,1212.988525,1276.707031,1228.165405,1291.883911,1245.871826,1342.473511,1296.461426,1375.356689,1245.871826,1233.705811,1266.107666,1233.705811,1339.462524,1269.118652,1336.933105,1314.64917
1236.676025,1261.766235,1238.945923,1279.925537,1254.835327,1264.036133,1257.105225,1311.704346,1284.344116,1284.465332,1302.503418,1325.323853,1204.897217,1264.036133,1213.976807,1286.735352,1243.485718,1345.753052,1286.614014,1359.372559,1241.21582,1232.257324,1266.184814,1234.527344,1304.773315,1259.496338,1336.552124,1316.244141
1229.14624,1257.422119,1229.14624,1274.968262,1248.88562,1259.615479,1246.692383,1303.480713,1273.011475,1283.741333,1290.557617,1325.413452,1200.633667,1261.808716,1211.600098,1290.321167,1244.499023,1345.152832,1273.011475,1353.925903,1233.532715,1231.102905,1266.431763,1235.489502,1283.977905,1242.069336,1336.616333,1312.253906
1222.577759,1256.154541,1222.577759,1276.369751,1245.319824,1258.681396,1242.792969,1301.638794,1268.06189,1281.423584,1285.750244,1321.854004,1192.254883,1261.208374,1209.943237,1286.477295,1245.319824,1344.596069,1260.481201,1344.596069,1222.577759,1228.358643,1268.06189,1233.412476,1285.750244,1220.777954,1333.761353,1311.746338
1220.404297,1254.601807,1220.404297,1271.711304,1237.513794,1252.463135,1241.791138,1297.375488,1265.31665,1275.988647,1282.426025,1316.623535,1194.740234,1263.156616,1209.710938,1288.820679,1243.92981,1342.28772,1261.039307,1342.28772,1213.988281,1222.521729,1265.31665,1235.35376,1286.703369,1222.521729,1333.754395,1310.20752
1215.560425,1250.474609,1218.164551,1271.308228,1236.393921,1250.474609,1233.789795,1292.141724,1259.831665,1271.308228,1275.456787,1315.579468,1192.122681,1260.891479,1207.747803,1286.93335,1257.227417,1341.621338,1259.831665,1341.621338,1210.352051,1219.224365,1262.435791,1237.453735,1285.873535,1221.828613,1324.936401,1305.16272
1211.758545,1248.616577,1214.240723,1268.473633,1229.133545,1246.134399,1231.615723,1290.812866,1258.919189,1265.991455,1276.294189,1310.670044,1189.419312,1263.509399,1231.615723,1320.598633,1231.615723,1320.598633,1258.919189,1340.455688,1206.794312,1216.348755,1241.544312,1226.277222,1286.222778,1221.312988,1318.490601,1293.295044
1206.966553,1242.150269,1211.949219,1262.080811,1224.405762,1239.658936,1231.879639,1284.502686,1254.301514,1259.589478,1274.232056,1304.433228,1234.370972,1356.750854,1221.914429,1309.415771,1221.914429,1311.907104,1261.775513,1341.802979,1204.47522,1209.763184,1229.388428,1204.780518,1286.688721,1222.219727,1306.619263,1279.52002
1209.003906,1237.867188,1211.499023,1257.828613,1226.470215,1232.876831,1228.965332,1280.285278,1256.412354,1252.838257,1273.87854,1300.246704,1184.052124,1247.8479,1206.508667,1285.275635,1218.984619,1305.237061,1261.40271,1342.664795,1204.01355,1202.93457,1228.965332,1202.93457,1286.354492,1222.896118,1298.830444,1277.790039
1208.62854,1234.643433,1211.005737,1253.660645,1225.268677,1229.88916,1230.022949,1275.055054,1180.102661,1308.335205,1272.811768,1291.69519,1180.102661,1244.1521,1218.137207,1301.203735,1218.137207,1301.203735,1263.303101,1339.238159,1206.251343,1203.740479,1227.645752,1203.740479,1287.074585,1222.75769,1298.960449,1277.432251
1211.908569,1229.510864,1209.715576,1247.054443,1225.066162,1227.317871,1231.64502,1271.176758,1260.15332,1249.247314,1271.118042,1290.91333,1262.346191,1334.772217,1205.329712,1284.334473,1220.680298,1301.878052,1262.346191,1334.772217,1211.908569,1198.80957,1227.259155,1203.195557,1288.661621,1218.546143,1299.626343,1277.755615
1213.455322,1222.240479,1211.125366,1240.880249,1229.765137,1224.570435,1232.095093,1268.839966,1257.724854,1245.540161,1271.704712,1287.479736,1180.835693,1222.240479,1218.115356,1299.129517,1218.115356,1301.459595,1253.064941,1322.429321,1222.775269,1191.950806,1227.435181,1203.600586,1283.354614,1205.930664,1299.664429,1278.15979
1214.831909,1216.932007,1212.399292,1233.959839,1234.292236,1221.797119,1226.994629,1260.717773,1258.617676,1243.689941,1268.3479,1280.178101,1183.208862,1214.49939,1219.697021,1297.205933,1219.697021,1299.638428,1299.970947,1277.745605,1224.562012,1182.876343,1226.994629,1202.33667,1287.808228,1197.47168,1299.970947,1277.745605
1216.871948,1208.416382,1214.372559,1223.412598,1239.366211,1210.915771,1224.370117,1248.40625,1256.861816,1235.909424,1264.359863,1278.398682,1186.879517,1208.416382,1186.879517,1213.415039,1219.371338,1298.393555,1221.870728,1298.393555,1226.869385,1173.425293,1289.353638,1185.922119,1289.353638,1185.922119,1299.351074,1278.398682
1216.832397,1198.768677,1211.646851,1214.325195,1240.167236,1206.546875,1222.017944,1245.438354,1250.53833,1229.881714,1260.909302,1273.95874,1185.719238,1193.58313,1185.719238,1203.954102,1227.203491,1289.515259,1216.832397,1292.108032,1229.796265,1165.062744,1286.836914,1185.80481,1286.836914,1185.80481,1297.208008,1276.551392
1215.876831,1190.821411,1210.951172,1208.061157,1238.042236,1198.209961,1220.80249,1232.689331,1250.356323,1225.300903,1250.356323,1272.094482,1188.785889,1180.970215,1183.860229,1203.135498,1210.951172,1281.945679,1230.653687,1289.334106,1230.653687,1156.342041,1183.860229,1203.135498,1287.298584,1185.895874,1297.14978,1277.02002
1216.007446,1183.612915,1208.254272,1201.703613,1236.682495,1196.534912,1216.007446,1232.716309,1247.02002,1217.209961,1247.02002,1266.313354,1184.994751,1181.028564,1184.994751,1204.288086,1146.229004,1227.547485,1228.929321,1289.572754,1226.344971,1155.184692,1285.785889,1186.197266,1285.785889,1183.612915,1296.123413,1274.066406
1209.474731,1174.912231,1204.422852,1195.119751,1229.682251,1182.48999,1219.578491,1225.430908,1247.36377,1212.80127,1247.36377,1255.742188,1181.689331,1169.860352,1184.215332,1202.69751,1146.326294,1227.956909,1232.20813,1288.579346,1217.05249,1144.600952,1287.778809,1185.015991,1287.778809,1185.015991,1287.778809,1260.794067
1204.428711,1167.765625,1199.290283,1188.319702,1219.844238,1172.904175,1214.705811,1214.012207,1240.398315,1196.027466,1248.106079,1244.843262,1171.028442,1167.765625,1186.44397,1203.735229,1168.459229,1221.719971,1230.121338,1285.951294,1212.136475,1136.934692,1222.413574,1136.934692,1286.644775,1183.181152,1286.644775,1231.996948
1200.773804,1162.183716,1198.147461,1185.819946,1234.915039,1185.819946,1211.278809,1209.456177,1234.915039,1188.446167,1245.420044,1238.344971,1169.258789,1164.809937,1190.268799,1201.577393,1169.258789,1222.587402,1229.662598,1282.991211,1208.652588,1133.294922,1221.783813,1135.921143,1287.440063,1185.819946,1282.1875,1227.839966
1199.657959,1157.215454,1197.316528,1175.946777,1218.38916,1159.556885,1211.36499,1204.043579,1237.120483,1187.653809,1244.144653,1232.140503,1169.219727,1154.874146,1192.633789,1199.36084,1169.219727,1222.774902,1230.096191,1274.285767,1209.02356,1126.777222,1220.730591,1136.142822,1286.289917,1182.970947,1283.948608,1227.457642
1197.67627,1151.204834,1192.825317,1170.608521,1217.079956,1156.055786,1207.378174,1202.139526,1236.483643,1187.586792,1241.334595,1226.394043,1168.570801,1146.354004,1170.996216,1221.543091,1168.570801,1221.543091,1221.930908,1262.775879,1212.229004,1122.099365,1221.930908,1136.6521,1277.716431,1163.332153,1282.567383,1226.394043
1197.097778,1143.559692,1192.729248,1161.033691,1214.571777,1152.296753,1197.097778,1193.797485,1234.22998,1182.876221,1234.22998,1222.192749,1166.518188,1134.822754,1162.14978,1150.112427,1168.702515,1222.192749,1164.333984,1150.112427,1212.387451,1115.164429,1221.124512,1137.006958,1264.809448,1143.559692,1282.283447,1228.745483
1193.630737,1136.618164,1187.267334,1153.587158,1212.720947,1145.102661,1193.630737,1187.525269,1227.568848,1176.919556,1229.689941,1215.099854,1163.934937,1128.133545,1157.571533,1145.102661,1170.29834,1223.584473,1197.873047,1232.06897,1210.599731,1106.922363,1221.205444,1136.618164,1263.628052,1126.012451,1280.597046,1225.705566
1191.99939,1131.612427,1185.443237,1146.910034,1209.482422,1140.353882,1191.99939,1179.690674,1224.780029,1170.949219,1224.780029,1212.471313,1163.589478,1125.056274,1161.404053,1138.168579,1170.14563,1221.212891,1196.370117,1229.954346,1205.111694,1103.202515,1222.594604,1135.983154,1259.746094,1125.056274,1277.229004,1223.398193
1187.46936,1127.483643,1180.789185,1143.070923,1207.510254,1136.390625,1191.922974,1174.245605,1218.644043,1163.111816,1223.097534,1207.646973,1158.521606,1125.256836,1160.748291,1138.617432,1171.88208,1216.553955,1196.376465,1229.914551,1198.603149,1098.535767,1223.097534,1136.390625,1260.952393,1125.256836,1274.312988,1218.780762
1183.236938,1122.80835,1178.702271,1140.947021,1203.642944,1129.610352,1190.03894,1174.957031,1221.781616,1159.085693,1221.781616,1202.165039,1153.761475,1120.541016,1160.563599,1138.679688,1171.900269,1179.491699,1199.108276,1231.640503,1187.771606,1095.60022,1162.830933,1138.679688,1260.326294,1125.075684,1269.395752,1204.432373
1178.486694,1116.803467,1173.637085,1136.202026,1197.885254,1124.078003,1188.186035,1165.299805,1214.858887,1148.326172,1222.133423,1196.822388,1144.539307,1116.803467,1161.513062,1138.626831,1146.964111,1167.724609,1197.885254,1230.769775,1180.911499,1087.705688,1197.885254,1094.980225,1260.93042,1124.078003,1260.93042,1187.123169
1168.740601,1111.001343,1166.22876,1131.095581,1188.834717,1113.513184,1181.299438,1156.213257,1208.928833,1138.630859,1221.487671,1188.866211,1136.087646,1116.024902,1161.2052,1138.630859,1138.599365,1183.842651,1201.393555,1229.054443,1176.275879,1083.371948,1181.299438,1080.860229,1261.675903,1126.072021,1251.628906,1166.260254
1164.325439,1107.435547,1161.895508,1129.305298,1181.335205,1109.865601,1181.335205,1153.60498,1205.634888,1134.165283,1222.644653,1180.334595,1130.305908,1114.725464,1142.455811,1182.764648,1140.025757,1182.764648,1203.204956,1224.073975,1166.755493,1078.276001,1183.765259,1078.276001,1259.094238,1124.445313,1251.804321,1163.324829
1160.928101,1107.109375,1160.928101,1125.714355,1177.20752,1107.109375,1184.184326,1151.296265,1205.11499,1125.714355,1223.719971,1176.878174,1130.695068,1111.76062,1251.627563,1121.06311,1139.997559,1181.529419,1202.789429,1216.413818,1165.579346,1074.550659,1181.858765,1079.201904,1251.627563,1123.388794,1249.30188,1162.924438
1157.919556,1104.614502,1157.919556,1120.174683,1175.702637,1102.391602,1177.925537,1149.072388,1204.600342,1126.843384,1222.383423,1166.855469,1124.57605,1109.060303,1146.805054,1175.74707,1135.690552,1184.638672,1193.48584,1204.644775,1164.588135,1071.270996,1182.371338,1080.162598,1215.714844,1095.7229,1251.281128,1162.409668
1152.341064,1099.738525,1152.341064,1115.400024,1171.918091,1099.738525,1171.918091,1146.723145,1195.4104,1127.14624,1214.987305,1170.215454,1121.017944,1101.696167,1124.93335,1117.357666,1146.468018,1187.834717,1181.706543,1193.707764,1160.171875,1068.415405,1183.664185,1078.203857,1216.945068,1080.161499,1248.268188,1164.342407
1148.113525,1097.738647,1145.853516,1115.819336,1166.194336,1099.998779,1161.674072,1145.200562,1186.535156,1127.119873,1206.875977,1163.28125,1114.212158,1097.738647,1118.732422,1113.559326,1148.113525,1188.142334,1177.494751,1190.402344,1150.373657,1066.097412,1184.275024,1079.657959,1209.135986,1072.877686,1249.817627,1165.541382
1139.580811,1092.458008,1139.580811,1109.78894,1159.078125,1094.62439,1152.578979,1140.118286,1182.908325,1122.787231,1193.740234,1168.281128,1113.584229,1096.790771,1117.916992,1109.78894,1143.913574,1179.113037,1176.40918,1189.944946,1146.079834,1062.128662,1182.908325,1079.459717,1208.904785,1075.126953,1247.899658,1161.781982
1135.871216,1088.592285,1133.622192,1106.584106,1153.863037,1090.841309,1149.365112,1135.820923,1178.601807,1120.078003,1187.597778,1160.559692,1106.634521,1095.339233,1117.879395,1111.082031,1124.626343,1156.061646,1176.352905,1189.796387,1140.369141,1059.355591,1180.85083,1079.596313,1210.087524,1072.849365,1241.573242,1153.812744
1130.152832,1084.968384,1130.152832,1103.999756,1149.184204,1087.34729,1146.805298,1132.546753,1172.973511,1108.757568,1187.24707,1153.957153,1099.226807,1094.484009,1118.258301,1111.136475,1123.016113,1153.957153,1177.731323,1189.640991,1130.152832,1056.421265,1156.321045,1073.07373,1208.657349,1073.07373,1232.446655,1142.0625
1123.785278,1083.343994,1121.244019,1101.132568,1139.032593,1080.802734,1144.115112,1126.544922,1164.444946,1098.591431,1184.77478,1146.874756,1090.749268,1090.967651,1116.161499,1108.756348,1118.702759,1146.874756,1177.151123,1187.534546,1118.702759,1050.307983,1139.032593,1050.307983,1210.187134,1070.637817,1225.43457,1126.544922
1117.806763,1081.324829,1117.806763,1098.506958,1134.989014,1076.415527,1139.898193,1120.598389,1161.989624,1093.597778,1184.081055,1135.32605,1088.351563,1091.143188,1093.260742,1125.50769,1120.261353,1147.599121,1179.171875,1186.872803,1112.897583,1049.414917,1132.534424,1046.960327,1211.081665,1071.506348,1213.536255,1113.234619
1117.867188,1077.219849,1117.867188,1095.603271,1133.952759,1072.624023,1143.144409,1116.284668,1161.527954,1091.007446,1186.805176,1130.072266,1090.292114,1088.709473,1115.569336,1113.986816,1120.165161,1146.157837,1179.911377,1182.924683,1110.973389,1047.346802,1131.654785,1045.048828,1209.784424,1072.624023,1214.380371,1113.986816
1117.508301,1073.820557,1119.801147,1092.162842,1133.557861,1071.527832,1145.021729,1112.797729,1165.656738,1087.577271,1186.291748,1121.968872,1087.702271,1082.991699,1117.508301,1112.797729,1122.093872,1149.482178,1181.706177,1172.410034,1112.922852,1041.72168,1131.265015,1044.014404,1181.706177,1053.185547,1213.805054,1115.090576
1116.303223,1070.727417,1116.303223,1090.24939,1131.487061,1068.558228,1144.501709,1111.940552,1164.023804,1088.080322,1185.714844,1120.616943,1085.935669,1081.572998,1127.148804,1148.81543,1127.148804,1150.984619,1177.038452,1163.999268,1111.965088,1040.359863,1131.487061,1044.697998,1179.20752,1040.359863,1213.91333,1114.109619
1112.591797,1067.418701,1110.464966,1082.306152,1127.479126,1065.291992,1131.732666,1112.080811,1157.253784,1086.559692,1178.521484,1124.841431,1087.070557,1075.925781,1089.197388,1082.306152,1127.479126,1150.362549,1161.507324,1156.74292,1110.464966,1037.644043,1131.732666,1044.024292,1178.521484,1033.390503,1214.676514,1114.207642
1107.53479,1059.783813,1105.320068,1077.501221,1125.252197,1059.783813,1123.037598,1106.292114,1149.61377,1084.145264,1169.545898,1126.224243,1078.743896,1079.715942,1074.314453,1081.930664,1125.252197,1150.585815,1107.53479,1161.65918,1105.320068,1030.99292,1131.89624,1044.281006,1171.76062,1026.563599,1213.8396,1115.150879
1103.76355,1054.873047,1101.498779,1072.991089,1124.146484,1057.137817,1119.616943,1100.168213,1144.529297,1079.7854,1160.382568,1122.815918,1072.056885,1059.402588,1078.851196,1075.255859,1124.146484,1147.728271,1142.264526,1145.463501,1101.498779,1023.166382,1130.940674,1045.813965,1169.44165,1025.431152,1212.472046,1111.492065
1100.258789,1050.229492,1100.258789,1066.157227,1118.461914,1052.504883,1118.461914,1095.737305,1143.491211,1077.53418,1157.143555,1120.766602,1070.678833,1054.780273,1077.505005,1075.258789,1118.461914,1136.694336,1143.491211,1145.795776,1100.258789,1018.374084,1132.114258,1043.40332,1168.520508,1025.200317,1209.477417,1111.665039
1098.041382,1043.809326,1098.041382,1060.170898,1114.403076,1043.809326,1114.403076,1090.556885,1142.45166,1067.183105,1156.475952,1113.930664,1060.643311,1088.219482,1079.342407,1074.19519,1121.415161,1132.629761,1142.45166,1144.31665,1098.041382,1013.42334,1081.679688,1074.19519,1170.500244,1025.110229,1200.886108,1099.906372
1093.993164,1038.939819,1093.993164,1057.596313,1110.317627,1036.607788,1112.64978,1085.581177,1138.30249,1057.596313,1154.626953,1106.569824,1066.008423,1045.936035,1080.000732,1073.920776,1105.653564,1118.230103,1142.966553,1143.882813,1091.661133,1008.622925,1168.619385,1024.947388,1168.619385,1024.947388,1191.939941,1080.916992
1089.459351,1034.665405,1089.459351,1053.803223,1103.12915,1034.665405,1108.597168,1078.409058,1130.468994,1051.069214,1152.34082,1097.546875,1056.651611,1042.86731,1081.257446,1075.675049,1097.661255,1108.482788,1144.138794,1144.024414,1083.991333,1001.857727,1103.12915,999.1237183,1168.744629,1023.729492,1182.414551,1067.473145
1085.75415,1030.959717,1085.75415,1051.034546,1103.31958,1030.959717,1105.828857,1073.618652,1130.922363,1051.034546,1150.997192,1091.184082,1055.641846,1040.99707,1078.226074,1078.637329,1095.791504,1103.730835,1143.469116,1138.861816,1080.735352,1000.847473,1100.810181,998.3381348,1168.562622,1025.94104,1181.109375,1066.090576
1085.457031,1027.914551,1085.457031,1047.739502,1100.325684,1025.436401,1107.76001,1070.04248,1130.06311,1045.261353,1149.887939,1087.389282,1060.675903,1032.870728,1080.500854,1077.476807,1095.369507,1102.257935,1142.453613,1134.473389,1080.500854,998.1771851,1100.325684,1000.655273,1167.234741,1025.436401,1179.625366,1067.564331
1083.541504,1024.365845,1083.541504,1043.174438,1099.999023,1022.014771,1107.052246,1066.685059,1130.562866,1043.174438,1147.020386,1085.493652,1060.030884,1029.067993,1081.19043,1073.738281,1097.647949,1106.653198,1135.265015,1125.461792,1083.541504,991.4508667,1099.999023,1000.855164,1154.073608,1005.557312,1179.935303,1066.685059
1082.591797,1016.042419,1080.220337,1035.014526,1096.820923,1018.41394,1099.192505,1061.101318,1125.279175,1039.757568,1139.508301,1080.073364,1054.133667,1018.41394,1094.449463,1103.788574,1096.820923,1103.788574,1125.279175,1110.903076,1087.334839,985.2127075,1099.192505,999.4418335,1148.994385,994.6987915,1179.824097,1065.844238
1078.221558,1009.880798,1076.000244,1027.651123,1098.213135,1012.102112,1095.991821,1056.527832,1120.426025,1036.536255,1135.974976,1078.740601,1049.344849,1014.323364,1058.22998,1085.404419,1095.991821,1105.395996,1098.213135,1105.395996,1082.664063,976.5615234,1100.434448,998.7744141,1144.860107,983.2254028,1180.400635,1065.412964
1077.015869,1006.376831,1074.87561,1021.358887,1098.418823,1008.517151,1091.997925,1049.182617,1119.821777,1032.060303,1128.382935,1074.866089,1051.332397,1008.517151,1049.192139,1025.639404,1055.613037,1085.567627,1109.120239,1094.128784,1083.436768,974.2724609,1100.559082,997.8156738,1145.505249,980.6933594,1179.749878,1066.304932
1077.262695,1002.200562,1072.555054,1013.969604,1096.09314,1004.554382,1086.677856,1044.569092,1114.923584,1030.446289,1124.338745,1072.814697,1046.663208,1009.261963,1049.016968,1023.384827,1091.385498,1098.706543,1114.923584,1089.291382,1084.324097,971.6010742,1100.800781,999.8468018,1145.523071,983.3701172,1178.476318,1065.753296
1074.571167,995.4997559,1072.214844,1009.638062,1093.422241,1000.212524,1081.640381,1037.914673,1114.629639,1023.776367,1119.342407,1068.547607,1046.294556,990.7870483,1048.651001,1026.13269,1112.273315,1089.755005,1112.273315,1089.755005,1086.353149,964.8668213,1051.007324,1023.776367,1145.262695,983.7178955,1171.182861,1066.191284
1073.396484,986.0536499,1068.410645,1001.01123,1093.339966,991.0394897,1085.861206,1035.912231,1113.283447,1015.96875,1123.255127,1060.841431,1040.988525,986.0536499,1050.960205,1025.94043,1033.509766,1033.419312,1113.283447,1088.263672,1080.875366,953.6455688,1145.691406,983.56073,1145.691406,983.56073,1163.141968,1048.376831
1068.205078,977.6796875,1065.712402,997.6218262,1090.640015,987.6507568,1078.176147,1025.042236,1113.074951,1005.100159,1123.046021,1047.477173,1035.799194,982.6652222,1053.248535,1025.042236,1005.885986,952.7520752,1113.074951,1087.36145,1073.190674,947.7665405,1145.480835,982.6652222,1145.480835,982.6652222,1157.944702,1030.027832
1060.986572,973.3098145,1063.573364,996.5910034,1076.507324,973.3098145,1081.68103,1017.2854,1102.375366,991.4174194,1123.069824,1037.979858,1032.531738,975.8966064,1053.226196,1037.979858,1053.226196,1037.979858,1112.722656,1084.542236,1063.573364,939.6813965,1079.094238,942.2681885,1146.351074,983.6569824,1154.11145,1012.111816
1061.324463,970.1583252,1061.324463,990.3078613,1076.436523,970.1583252,1081.473999,1012.976074,1101.623535,980.2330933,1124.291748,1033.12561,1028.581421,972.677002,1053.768311,1038.162964,1058.805786,1043.200317,1114.216919,1078.462036,1061.324463,939.934021,1078.955322,939.934021,1139.403809,980.2330933,1154.515991,1012.976074
1059.731201,969.2319336,1059.731201,983.9663086,1074.465576,966.7762451,1079.377075,1010.97937,1103.934326,986.4220581,1123.5802,1030.625244,1032.71814,969.2319336,1059.731201,1008.523682,1059.731201,1042.903931,1111.301514,1069.916992,1062.18689,934.8516846,1076.921265,939.7631836,1128.491699,949.5861206,1153.04895,1013.43512
1055.581543,960.7246704,1055.581543,978.6688232,1073.525757,960.7246704,1075.768799,1007.828125,1102.685059,985.3978882,1118.38623,1030.258301,1028.665283,958.4816284,1006.235107,953.9956055,1062.310669,1041.473511,1100.442017,1061.660645,1062.310669,929.3223267,1078.011841,940.5374756,1116.143188,940.5374756,1154.274658,1014.55719
1051.258301,954.8498535,1051.258301,972.6832886,1071.320801,957.0790405,1071.320801,1003.891724,1095.841797,981.5999756,1113.675171,1021.725098,1022.278992,954.8498535,1006.674805,952.6207275,1062.404175,1041.78772,1086.925049,1050.704346,1060.174927,921.4122925,1078.008301,939.2456665,1115.904297,928.0997925,1153.800293,1012.808411
1049.72644,948.791626,1044.957031,965.4846802,1068.804199,953.5610962,1064.03479,994.1013794,1090.266724,975.0235596,1104.574951,1017.948547,1016.340332,951.1763916,1006.801453,953.5610962,1061.650024,1044.180542,1078.343018,1041.795776,1056.880615,917.7902832,1078.343018,941.6375122,1109.344482,917.7902832,1152.269409,1013.179138
1041.71228,944.3972168,1041.71228,962.5835571,1062.171875,946.6704712,1057.625366,989.8630981,1084.904785,973.9500122,1098.544556,1014.869324,1009.886169,946.6704712,1005.339539,953.4903564,1055.352051,1028.509033,1078.084961,1037.602295,1043.985596,910.2977905,1078.084961,939.8505859,1107.637817,919.3909912,1150.830322,1010.322693
1037.094849,939.9555664,1037.094849,952.3625488,1055.705444,939.9555664,1051.569702,985.4478149,1080.519409,966.8373413,1090.858521,1008.19397,1006.077454,939.9555664,1014.348755,964.7695313,1059.841064,1024.736694,1078.451538,1039.211426,1043.29834,906.8702393,1076.383667,937.8876953,1109.468994,917.2094116,1144.622192,1004.05835
1032.751953,933.5105591,1030.450317,947.3203735,1051.165039,933.5105591,1046.561768,981.8449097,1074.181396,956.5269165,1087.991211,1002.559631,1000.529114,938.1138306,1018.942139,965.7334595,1007.43396,956.5269165,1076.483032,1039.385742,1032.751953,901.2877197,1111.007568,917.3991699,1111.007568,917.3991699,1136.325562,993.3530884
1026.130615,927.0029297,1026.130615,947.4358521,1044.009399,929.5570679,1044.009399,972.9770508,1066.99646,947.4358521,1087.429443,993.4099731,992.927124,939.7735596,1018.468323,965.3146973,1031.238892,1001.072266,1079.76709,1036.829956,1018.468323,898.9077148,1038.901245,893.7994385,1110.416504,916.786499,1125.741089,967.8687744
1020.592712,925.6794434,1023.248596,946.9264526,1036.527954,920.3676758,1044.495605,965.5176392,1065.742676,944.2705688,1086.989746,984.1087646,991.3780518,936.3029785,1020.592712,965.5176392,1028.560303,994.7322998,1079.022095,1034.570557,1015.280945,896.4647217,1033.87207,891.1530151,1110.892578,917.711792,1118.860229,957.5499878
1018.367615,922.5795288,1023.13385,941.6444702,1035.049438,917.8133545,1044.581909,963.0924683,1066.029907,939.2613525,1087.477905,979.774231,989.7702637,932.1119995,1018.367615,965.4755249,1027.900024,998.8391113,1080.328491,1027.436401,1013.601379,896.3653564,1032.66626,889.2160034,1111.30896,915.4302368,1118.458252,958.3262329
1016.641907,922.4168701,1018.872559,938.03125,1032.256226,915.7249756,1045.640015,960.3374634,1065.715576,929.1087646,1088.021851,969.2599487,985.413147,933.5700073,1018.872559,962.5681152,1025.564453,996.0274658,1079.099365,1018.333679,1009.950012,895.649353,1032.256226,891.1881104,1079.099365,906.8024902,1117.02002,955.8762207
1009.687622,920.097229,1011.855774,937.4423828,1027.032837,915.7609253,1040.041748,959.1239014,1059.555054,933.1060791,1085.572876,972.1327515,985.8380127,935.274231,1003.183228,956.9557495,1042.209839,1000.318665,1072.563965,1011.159424,1005.351379,894.0794678,1033.537231,889.7431641,1070.395752,891.9113159,1118.095093,956.9557495
1004.758667,918.5714722,1006.999756,934.2590942,1022.687378,916.3303833,1031.651733,961.1521606,1049.580444,936.5001831,1076.473511,976.8397827,977.8655396,929.7769165,986.8299561,943.2234497,1042.857178,1003.732849,1060.785889,1008.215027,1002.517578,889.4372559,1031.651733,891.6783447,1051.821533,882.7139893,1116.81311,956.6699829
997.8768311,916.977417,1000.168152,933.0167236,1016.207458,914.6860962,1023.081421,960.5126343,1043.703369,933.0167236,1071.199341,974.2606201,970.3808594,928.434082,984.1288452,939.890686,1043.703369,1001.756592,1052.868652,1001.756592,993.2941895,884.8988037,1032.246704,889.4814453,1050.577393,873.4421387,1117.025879,955.9299927
993.8566284,915.1710815,998.1964722,932.5303955,1013.385864,910.8312378,1022.065552,952.0596924,1041.594849,928.1905518,1071.973755,969.4190674,963.4777222,930.3604736,985.1769409,939.0401611,1028.575317,982.4385376,1052.444458,999.7979126,987.3468628,884.7921753,1032.915161,891.3019409,1054.61438,873.9425659,1113.202148,954.2296143
989.1356812,913.2587891,995.3706055,927.8068848,1007.840332,907.0239258,1022.388428,946.5115967,1039.014893,921.5720215,1072.267578,963.1379395,962.1177979,931.963501,987.057373,942.3549805,1014.075256,1004.703918,1053.562866,1000.547302,978.7442017,884.1626587,1030.70166,894.5541382,1053.562866,873.7711182,1101.36377,942.3549805
984.8897705,910.5396729,990.7570801,926.18573,1002.491638,902.7166138,1020.093506,947.6990967,1035.739624,916.4069214,1067.031738,957.4779053,955.5533447,930.09729,988.8013306,945.7433472,969.2437134,975.0797729,1053.341431,1000.504639,973.1552124,885.1147461,973.1552124,885.1147461,1053.341431,873.380188,1092.456665,928.1414795
975.1626587,910.916748,983.8687134,928.3288574,988.2218018,902.2106323,1016.516541,941.3880005,1023.046143,908.7401733,1060.046997,947.9176025,944.6913452,932.6819458,988.2218018,945.7410889,1018.693054,967.5062866,1055.69397,997.9775391,957.7504883,886.9749756,972.986145,880.4454346,1053.517456,871.7393188,1075.282593,908.7401733
971.3756714,911.0453491,981.9338379,925.8267212,984.0454712,902.5988159,1013.608276,938.496521,1017.831543,906.8220825,1060.064087,940.6081543,946.0361328,934.2732544,990.3803711,944.8314209,1019.943176,965.9476929,1055.84082,995.510498,952.3710327,887.8173828,967.1524048,881.4824829,1053.729248,870.9243774,1070.622314,902.5988159
967.8763428,909.3498535,977.78479,923.2216187,979.7664795,899.4414063,1009.49176,935.1117554,1015.436829,903.4047852,1053.088867,933.1300659,944.0961304,935.1117554,989.6748657,945.0201416,1017.418457,966.8187256,1055.070557,990.598938,952.0228882,885.5695801,965.8946533,881.6062012,1053.088867,873.6795044,1070.92395,903.4047852
962.7764282,908.2810059,974.4568481,921.9082642,974.4568481,896.6005859,1003.65802,929.6951904,1007.551514,896.6005859,1050.379883,925.8016968,941.3621826,933.5886841,990.0308228,943.3224487,1005.604797,958.8963623,1052.32666,982.2573242,945.2556763,886.8668213,966.6698608,881.0266113,1013.391724,867.3994141,1069.84729,902.4407959
957.6060791,906.0552368,970.5907593,921.2041016,972.7548828,895.2346191,1000.888489,925.5323486,1005.216736,895.2346191,1046.335083,923.3682251,942.4572144,934.1888428,948.949585,945.0094604,1024.693848,964.4865723,1037.678589,973.1430054,940.2930908,882.2498779,966.2625122,880.0857544,1003.052612,858.4445801,1070.140381,903.8911133
954.984375,906.0335083,961.7515869,919.5679321,966.2630615,894.7547607,995.5877686,924.0794678,1002.35498,897.010498,1040.702637,926.3352051,939.1941528,933.102417,943.7056274,935.3581543,1027.168213,964.6828613,1031.679688,966.9385986,936.9384155,881.2203369,966.2630615,881.2203369,979.7975464,842.8726807,1070.027344,906.0335083
947.7059937,907.4794922,958.4547119,922.5276489,960.6044312,896.7307739,990.7008057,924.6773682,995.0003052,898.8804932,1033.695557,926.8271484,928.3583374,928.9768677,943.4065552,939.7255859,1033.695557,961.2229614,1033.695557,963.3726807,928.3583374,881.6826172,964.9039307,879.5328369,982.1018677,845.1370239,1068.091431,903.1799927
941.5532227,905.5013428,958.8718262,922.8199463,958.8718262,890.6567993,991.0349731,898.0790405,991.0349731,898.0790405,1030.620361,925.2940674,924.2346191,927.7681274,944.0272827,937.6644897,1003.405396,957.4571533,1033.094482,962.4053345,921.760498,880.760437,966.2940674,880.760437,983.6127319,846.12323,1065.257568,903.0272217
936.949646,901.512146,949.5129395,916.1693115,947.4190674,888.9488525,983.0150146,926.6386719,987.2027588,893.1365967,1024.892578,918.2631836,918.1047363,926.6386719,943.2313232,939.2019653,1003.953796,955.9530029,1035.362061,962.2346191,913.9169922,880.5733643,947.4190674,882.6672363,985.1088867,844.977417,1058.394653,899.4182739
929.2918701,901.9766846,942.8378906,913.5875244,940.90271,890.3657227,973.800293,919.3930054,979.6057129,890.3657227,1020.243896,913.5875244,911.8754883,927.133606,940.90271,934.8742065,1004.762695,954.225708,1033.789917,960.0311279,908.005188,880.6900024,921.5512695,869.0791016,985.4111938,843.9221191,1037.660278,888.430603
921.7442627,899.1003418,934.3463745,911.7025146,936.4467773,888.5985718,967.9521484,918.0036011,967.9521484,884.3978271,1012.059631,909.6021729,904.9414063,924.3046875,942.7478027,936.9067993,946.9485474,941.1075439,1033.063232,955.8100586,902.8410034,878.0968018,915.4431763,867.5949707,984.7550049,842.390686,1028.862549,878.0968018
920.0310669,897.1276855,934.5305786,911.6271973,932.4592285,884.699585,965.6008301,915.7698975,965.6008301,882.6282349,1009.099304,905.4130859,899.3175049,921.9839478,944.8873291,938.5547485,1004.956604,953.0542603,1029.812866,950.9829102,899.3175049,876.4141846,915.8883667,866.057373,986.3143921,843.2724609,1027.741455,878.4855347
917.4091797,893.203064,929.5670166,905.3608398,927.5407104,881.0452271,961.987854,911.4397583,959.9615479,879.0189209,1004.540161,901.3082886,897.1461792,915.4923706,943.7510986,929.6765137,945.7774048,941.8342896,1024.803223,941.8342896,897.1461792,868.8874512,915.3828735,866.861145,982.2508545,844.5717773,1026.829468,879.0189209
908.2717896,888.6601563,919.3685913,901.9762573,921.5878906,877.5634155,954.8782349,910.8536987,957.0975342,877.5634155,999.2652588,904.1956177,888.2976074,908.6343384,943.7814331,941.9246216,965.9749756,939.7052612,1005.92334,953.0213623,890.5169678,862.0279541,917.149231,866.4666138,950.4395142,826.5183105,1028.116821,879.7827148
900.2047119,884.9666748,909.9381104,899.5667725,917.2381592,872.7999268,941.5716553,906.8668213,948.8717041,880.0999756,987.8052979,909.3001709,878.3045654,904.4334717,885.6046143,914.1668701,944.0050049,940.9337158,987.8052979,943.3670654,885.6046143,855.7664795,917.2381592,865.4998779,941.5716553,821.699585,1024.305542,877.666626
895.4402466,883.9299927,904.4719849,899.7355957,913.5037842,872.6402588,936.0831909,908.767395,945.1149902,879.4141235,981.2420654,908.767395,875.1187134,906.5093994,881.8925781,917.7991333,938.3411865,933.6047363,978.9841309,940.3786011,881.8925781,856.8346558,915.7617188,865.8664551,940.5991211,825.2234497,1024.143066,877.156189
891.4546509,885.5708008,899.5643311,897.7352905,905.6465454,873.406311,929.9755249,907.8723755,940.1126099,879.4885864,974.5786743,907.8723755,875.2353516,901.7901611,883.3449707,918.0094604,940.1126099,932.201355,978.6334839,942.3384399,873.2078857,857.1870117,883.3449707,915.9820557,942.1400146,828.8032227,1019.181763,879.4885864
884.1856689,882.3473511,894.619873,896.9551392,896.706665,871.913147,923.8355103,905.3024902,934.2696533,876.086853,969.7458496,903.2156372,865.4041748,903.2156372,882.098877,915.7366333,980.1799927,940.7786255,980.1799927,940.7786255,867.4910278,857.3053589,896.706665,871.913147,944.7038574,826.0028687,1003.135132,874
877.7229614,879.0448608,887.6314087,894.8983765,887.6314087,869.1364746,921.3200684,900.8434448,927.2651367,871.1181641,966.8988037,898.8617554,857.9061279,904.8068237,881.6863403,916.6968994,919.3383789,926.6053467,980.7706299,940.4771118,857.9061279,857.2463379,877.7229614,855.2646484,945.1002808,825.5393677,982.7523193,863.1914063
868.9905396,882.414856,883.1745605,894.5725708,881.1482544,870.2571411,915.5951538,898.6251831,917.62146,870.2571411,960.1734619,892.5463257,850.7539063,908.7565918,881.1482544,914.8354492,893.3059692,933.0720825,980.4364014,939.1509399,850.7539063,856.0731201,860.885376,852.0205688,943.9631958,827.7050781,970.3049316,852.0205688
867.4053345,883.0494995,879.8358154,895.4799805,877.7640381,870.6190186,912.9837036,899.6234741,912.9837036,868.5473022,958.5620728,889.2647705,846.6879272,909.9821777,881.9075317,916.1974487,898.4815063,938.9866333,979.279541,936.914856,844.6161499,860.2603149,859.1183472,854.045105,944.0598755,827.1124268,966.8490601,854.045105
863.6524048,883.0977783,875.1290283,892.6616211,873.2162476,869.708374,911.4716187,898.3999023,909.5588379,865.8828735,953.5524902,885.0105591,844.5247192,909.8765259,882.7800903,915.6148071,901.9077759,938.5680542,974.5929565,929.0042114,844.5247192,862.057312,857.9141235,854.40625,942.0758667,829.5402832,966.9418945,856.3190308
859.3016968,882.4476318,869.3205566,894.4703369,869.3205566,870.4249878,905.3885498,896.4740601,907.392334,864.4136353,951.4754028,884.451416,837.2601318,910.5004883,883.3469849,914.5080566,909.3961182,932.5420532,965.5018311,928.5344849,839.263916,864.4136353,859.3016968,852.3909912,917.4111938,834.3569946,967.5056152,856.3985596
851.5008545,883.7449341,864.9829102,897.2269897,864.9829102,870.2629395,896.440979,901.7210083,900.9349976,870.2629395,943.6281128,890.4859619,831.277832,906.2150269,858.2418823,908.4620361,907.6760254,935.4260864,952.6161499,926.4380493,833.5248413,859.0278931,858.2418823,854.5338745,889.6999512,823.0758057,966.0981445,856.7808838
844.43396,882.5848389,854.8488159,895.0826416,856.9317627,870.0870361,888.1762695,901.331543,894.4251709,872.1699829,938.1674805,895.0826416,825.6872559,905.4974365,831.9361572,913.8293457,906.9229736,934.6589966,940.2504883,932.5760498,827.7702637,853.4232788,859.0147705,853.4232788,873.59552,815.9298706,967.3290405,857.5892334
839.1358643,880.3200073,847.5217896,894.9954224,851.7147827,867.7410889,883.1619873,903.3813477,887.3549805,869.8375854,929.284668,892.8989258,820.2675171,903.3813477,826.5569458,915.9602051,908.3198242,934.8286133,927.1881714,926.442627,820.2675171,853.0657349,858.0042114,853.0657349,872.6795654,817.4254761,962.8283691,857.258667
835.3764038,881.3862305,845.7904663,895.9658813,847.87323,868.8894043,877.0325317,898.0487061,883.2809448,868.8894043,924.9371338,891.8002319,820.7967529,904.2971191,829.1279907,914.7111206,908.2746582,935.5391846,927.0198975,925.1251831,812.4655151,856.3925171,858.2872925,852.2269287,874.9497681,818.9020386,956.1791992,856.3925171
828.3074341,879.961731,839.5300903,894.925293,839.5300903,868.7390747,871.3276367,898.6661987,876.9389648,868.7390747,919.9591675,889.3139648,813.3439331,902.4070435,828.3074341,913.6296997,893.7729492,926.7228394,925.5704956,922.9819336,807.732605,859.3869019,893.7729492,926.7228394,875.0685425,818.2371216,944.2749023,853.7755737
821.5188599,881.5853271,833.2312012,895.2496948,831.2791138,869.8729248,868.3682251,901.105896,868.3682251,865.968811,913.265564,885.4894409,805.9023438,908.9141235,827.375,914.7702637,878.12854,920.6264648,926.9299927,922.5785522,798.0941162,864.0167847,817.6147461,852.3044434,876.1764526,817.1673584,924.9779053,848.4003296
812.5061646,882.9008789,823.3770142,893.7717285,821.5651855,870.2182007,857.8013916,895.5835571,857.8013916,866.5946045,904.9083862,882.9008789,796.1998901,913.7015991,827.0006104,913.7015991,852.3659668,928.196106,926.6500854,922.7606812,788.9526367,866.5946045,798.0117188,852.1001587,875.9194336,817.6757813,906.7202148,844.8529053
806.3674316,884.5516968,819.2203369,893.7322998,815.5480957,869.8627319,854.1066284,895.5684204,852.2705078,862.5182495,896.3374023,880.8794556,795.350708,915.7657471,828.4009399,913.9296265,839.4176636,934.1270142,925.7153931,917.6019287,784.3339844,871.6988525,797.1868286,857.0098877,876.1400757,818.4512939,900.0096436,844.1570435
804.9908447,884.4742432,818.8122559,895.9921265,811.9015503,870.6528931,853.3657227,893.6885376,848.758606,861.4385986,890.2227783,875.2600098,788.8659058,912.1170654,828.0265503,914.4206543,841.8479004,932.8491821,924.7763062,914.4206543,784.2587891,872.9564209,795.7766113,856.8314819,871.7943115,819.9744263,899.4370728,845.3136597
799.03302,886.4536743,812.0960083,895.1622925,805.5645142,871.213501,846.9306641,892.9851685,840.3991699,860.3276978,883.9424438,873.390686,783.7928467,916.93396,829.5133057,910.4024658,857.8164673,932.1741333,916.5999146,910.4024658,779.4385376,875.5678101,794.6787109,855.9733276,794.6787109,855.9733276,901.3597412,845.0875244
793.0723877,888,804.3855591,899.3131714,802.1229248,872.1615601,842.8502808,894.7879028,836.0623779,863.111084,881.3150024,876.6868286,777.2340088,915.1515503,860.9512939,933.2526245,860.9512939,933.2526245,906.2039185,912.888916,770.446106,872.1615601,795.335022,856.3231812,813.4360962,824.6463623,899.4160156,845.0100098
785.12677,887.3994141,796.1723633,898.4450073,796.1723633,874.1447144,829.309082,898.4450073,831.5181885,865.3082886,877.9096069,882.9812012,769.6629639,911.699707,776.2903442,922.7453003,860.2366943,933.7908325,846.9819946,940.4182129,760.8265381,867.517395,793.9632568,856.4718018,800.5905762,818.9168701,900.0007935,843.2171021
780.1708374,890.0942993,792.1140747,900.0469971,790.1235352,874.1699829,825.9532471,900.0469971,825.9532471,870.1889038,871.7357178,888.1037598,766.2370605,915.9713135,776.1897583,925.9240723,861.782959,933.8862305,873.7262573,927.9146118,754.2937622,868.1983643,796.0951538,856.255127,800.0762329,822.4158936,895.6221924,844.3118896
775.3980103,891.6663818,789.7316284,901.9046631,785.6362915,875.2851563,818.3988037,899.8570557,820.4464111,871.1898804,865.494873,887.571106,761.0644531,916.2382813,777.4456787,926.4765625,859.3519287,932.6195068,873.6854858,926.4765625,750.8261719,869.1422119,797.9222412,856.8562622,799.9699097,824.09375,890.0667114,846.617981
769.4212646,890.9375,782.0587158,901.46875,777.8462524,876.1937866,813.6524658,899.3624878,815.758728,867.7687988,859.9899902,886.7250366,754.6774902,920.4249878,777.8462524,926.7437744,843.1399536,924.6375122,872.6274414,924.6375122,748.3587646,871.9812622,779.9525146,869.875,798.9087524,823.5375366,883.1586914,846.7062988
761.0092163,892.7523193,777.3173828,904.9834595,769.1633301,880.5211182,814.0108643,902.9449463,805.8567505,866.2514648,852.7428589,884.5982056,748.7780762,925.3687134,777.3173828,925.3687134,875.166626,925.3687134,875.166626,925.3687134,750.8165894,868.289978,750.8165894,866.2514648,797.7026367,823.4423828,864.973999,845.8662109
753.4091187,899.1471558,769.9234619,907.4043579,761.6663208,882.6328735,802.9520874,903.2757568,794.6949463,868.1828613,846.302124,880.5686035,747.2162476,930.1115112,776.116333,925.9829102,815.3378296,932.1757813,873.1379395,923.9186401,738.9591064,874.3757324,738.9591064,874.3757324,798.8234863,822.7684937,846.302124,843.411377
749.5149536,904.6070557,765.196228,910.4874878,753.4353027,886.9656372,800.4790649,902.6468506,788.7181396,869.3242188,839.6821899,877.164856,747.5548096,932.0492554,776.9571533,926.1687622,814.2001343,932.0492554,873.0048218,920.288269,727.9532471,896.7664185,731.8735352,881.085144,800.4790649,824.2406006,833.8016968,845.8023071
748.038208,901.7454834,764.9750366,908.0968018,752.2723999,886.9257813,798.8486938,899.628418,788.2631836,865.7547607,834.8394775,876.340271,745.9211426,922.9165039,777.6776733,925.0336304,813.668457,933.5020752,868.7131348,914.4481201,724.750061,899.628418,733.2185059,882.6915283,798.8486938,823.4126587,834.8394775,846.7008057
743.0411987,901.1938477,759.6891479,905.355835,747.203186,884.5459595,792.9849854,897.0318604,778.4180298,863.7360229,828.3618164,869.9790039,736.7982178,928.2467041,778.4180298,924.0847168,817.9568481,934.4896851,859.5766602,913.6798096,722.2313232,899.112854,732.6362305,880.3839722,768.0130615,836.6831665,834.6047363,847.0881348
737.7977295,899.9203491,755.2299805,905.7311401,741.6715698,884.4249878,784.2838135,897.9834595,776.5361328,865.0557861,824.9591675,874.7403564,728.1130981,928.9741821,819.1483765,934.7849731,819.1483765,934.7849731,842.3914795,913.4788208,710.6807861,888.2988281,733.9238281,880.5511475,753.2930908,820.5065918,834.6437988,845.6865845
732.6011353,898.6958618,743.4603882,907.3833008,736.9448853,881.321106,778.210022,898.6958618,773.866333,870.461853,821.6470337,879.149231,723.9137573,926.9299316,728.2574463,929.1018066,817.3033447,931.2736816,828.1625977,929.1018066,704.3670654,881.321106,736.9448853,879.149231,747.8041382,818.3374023,834.6781616,846.5714722
727.6075439,897.9550171,740.5825195,908.7675171,736.2575073,880.6549683,773.0200195,904.4425049,770.8575439,874.1674805,818.4324951,889.3049927,716.7950439,926.0675049,731.9324951,930.3924561,807.6199951,934.7174683,827.0825195,930.3924561,699.4950562,878.4924927,731.9324951,930.3924561,749.2325439,824.4299927,833.5700073,848.2174683
720.140686,896.8272095,732.602417,907.2119751,730.5254517,880.2115479,765.8336792,907.2119751,765.8336792,873.9807129,809.449646,892.6732788,707.6789551,917.5967407,728.4484863,932.135376,736.7562866,930.0584717,826.0653076,930.0584717,695.2172852,873.9807129,745.0641479,824.1338501,749.2180176,826.2108154,834.3731079,849.057312
714.1660767,894.4354858,727.0090332,905.1379395,722.7280884,877.3115234,761.256958,907.2784424,759.1165161,870.8900146,804.0668945,890.15448,703.463623,917.980896,731.2900391,930.8238525,761.256958,930.8238525,825.4718628,928.6834106,688.4801636,875.1710205,748.4140015,821.6586304,748.4140015,823.7991333,823.3313599,849.4850464
710.6173096,893.4068604,726.0884399,904.4577026,719.4579468,875.725647,757.0306396,906.6678467,754.8204956,869.0951538,799.0236206,886.7764282,697.3563843,919.928772,732.7189331,930.9795532,759.2407837,930.9795532,825.5454712,928.7694092,684.095459,873.5155029,732.7189331,928.7694092,748.1900024,822.6818848,805.6540527,842.5733032
705.5554199,892.4759521,720.4696045,903.1289673,716.2084351,875.4311523,754.5592041,900.9983521,748.1674194,866.9088135,795.0405884,883.9535522,690.6412354,920.1737671,733.2532349,930.8267212,756.6898193,932.9573364,822.7383423,926.5655518,679.9882813,873.3005981,714.0778198,871.1699829,748.1674194,822.1661987,803.5629883,841.3416138
703.1917114,889.2651367,718.2672119,902.1870117,711.8062744,872.0359497,750.5718994,902.1870117,744.1109619,865.5750122,789.3375244,880.6505127,688.1161499,917.2625122,733.3427124,930.1843872,759.1864624,932.3380127,819.4885864,923.7234497,679.5015869,876.3432617,709.6526489,869.8823242,748.4182739,822.5020752,802.2593994,841.8848877
695.175415,887.2283325,708.2839966,898.1521606,706.0992432,869.7502441,743.2402344,898.1521606,741.055481,861.0111694,780.3812256,880.6740723,677.6972656,909.0759888,730.1316528,926.5541382,756.3488159,930.923645,808.7831421,917.8150635,675.5125122,871.9349976,721.3925781,834.7940063,765.0878906,845.7178345,802.2288818,841.3482666
689.0600586,885.7479858,702.2780151,894.5599365,697.8720093,865.9210205,735.322937,894.5599365,733.1199341,859.3120117,774.9768677,876.9359741,669.2330933,907.7778931,755.1499023,929.8078613,737.5259399,932.0108643,792.6008301,914.3869019,671.4360962,863.7180176,669.2330933,863.7180176,702.2780151,817.4550781,803.6157837,841.6880493
684.3126831,880.9320679,693.1668701,889.7862549,690.9533081,863.2237549,726.3699951,889.7862549,724.1564331,858.7966919,766.2137451,883.1456299,664.3908081,900.8539429,673.2449951,916.3487549,737.4376831,931.8435669,772.8543701,920.7758179,666.6043701,858.7966919,675.4585571,916.3487549,702.0210571,814.5258179,801.6304321,843.3018799
678.0928345,876.3660889,688.5778809,888.9481201,688.5778809,861.6870117,717.9359741,893.1420898,720.032959,859.5900269,761.9730835,882.6571045,659.2197876,901.5301514,673.8988647,914.1121826,743.1000366,930.8881836,768.2640991,918.3061523,661.3168335,849.1049805,745.1970215,851.2020264,703.256897,815.5529175,797.6221313,842.8139648
674.4681396,878.3789063,684.7279053,890.6906738,686.7798462,864.0152588,715.5072021,898.8984375,719.611145,861.9633179,758.5982666,884.53479,660.1044922,903.0023804,674.4681396,915.3140869,731.9228516,929.6777954,770.9099731,917.3660278,660.1044922,853.7554932,660.1044922,851.7035522,703.1954956,814.7683716,795.5333862,845.5476685
670.1288452,878.7703857,681.4692383,892.0008545,677.6891479,865.539917,711.7102661,897.6710205,713.6003418,861.7598267,751.4016113,884.4405518,655.0083618,905.2312622,673.9089966,914.6815796,732.5009766,931.6921997,770.3022461,916.5716553,647.4481201,859.869751,664.4586792,856.0895996,704.1500244,814.5081787,789.2029419,850.4194336
659.9014893,882.6347046,674.0482788,894.7605591,667.9853516,866.4669189,704.362915,896.7815552,704.362915,860.4039917,746.8033447,880.6137695,645.7546387,910.9283447,674.0482788,914.9703369,686.1741333,929.1171265,769.0341187,916.991272,637.6707764,866.4669189,647.7756348,862.4249878,704.362915,813.9216309,764.9921265,844.2362061
654.022644,886.6583252,669.3552246,897.6101685,660.59375,871.3257446,702.2107544,897.6101685,695.6396484,862.56427,739.4470215,877.8968506,640.8804321,919.513855,673.7359619,915.1331177,682.4974365,930.4656982,770.1121826,917.3234863,627.7382202,877.8968506,640.8804321,858.1835327,704.401123,814.3761597,746.0181274,838.4702148
648.9587402,891.6188965,662.7199707,899.4824219,654.8564453,877.857666,698.105896,897.5165405,688.2764893,864.0964966,735.4577026,875.8917847,639.1293335,925.0389404,672.5493774,915.2094727,680.4129639,932.9024658,768.8777466,915.2094727,625.3681641,879.8235474,641.0952148,858.1988525,704.00354,814.9493408,733.4918213,840.5058594
645.3330688,897.0537109,659.300293,903.0396729,651.3190308,881.0912476,697.2112427,897.0537109,683.2440186,867.1240234,731.1315308,875.1052856,637.3518677,928.9787598,673.2674561,913.0162354,687.2346802,930.9740601,767.0471802,913.0162354,619.394043,887.0771484,639.347168,857.1474609,703.1971436,817.2412109,733.1268921,841.1849976
643.0024414,898.9790649,658.1362915,907.6270142,647.326355,881.6832886,692.7279053,898.9790649,677.5940552,868.7113647,727.3195801,870.8733521,632.1925049,933.5707397,686.2420044,929.2467651,688.4039917,931.4087524,764.0732422,911.9509888,617.0587158,888.1691895,640.8404541,857.9014893,692.7279053,829.7957764,733.805542,842.7676392
637.6593628,904.145752,652.2408447,912.4780273,643.9085693,885.3980713,689.736145,899.9796143,677.2377319,870.8165894,723.0653076,872.8996582,631.4100952,935.3918457,648.074707,939.5579834,685.5700073,931.225647,758.4775391,912.4780273,610.5794067,889.564209,639.7424316,858.3181152,654.3239136,841.6535645,731.397583,843.7366333
632.3070679,906.4755249,647.2076416,914.9901123,640.8216553,887.317749,681.2659302,906.4755249,668.4940796,872.4171753,717.4529419,876.6744995,623.7924805,938.4052124,634.43573,944.7911377,683.3945923,932.0192871,745.1253052,912.8614502,602.5060425,893.7036743,630.1784668,844.744812,630.1784668,844.744812,732.3534546,842.6161499
625.6221924,910.1315918,639.0561523,917.8081665,633.2987671,890.9401855,671.6815796,910.1315918,664.0050049,877.5061646,711.9835205,885.1827393,616.0264893,940.8378296,635.2178955,946.5952759,679.3581543,933.1612549,727.3366699,921.6464233,596.835083,896.6975708,640.9753418,867.9104614,629.4604492,846.7999268,729.2557983,842.9616699
621.7684937,912.4099121,636.9688721,920.0101318,627.4686279,891.5093994,665.4696045,914.3099976,661.6694946,880.1091309,709.1707153,887.7092896,614.168335,942.8106689,635.0688477,946.6107788,635.0688477,946.6107788,720.5709839,921.9101563,593.2678223,899.1096191,640.7689819,868.7088623,631.2687378,847.8083496,728.1711426,842.1081543
617.4402466,916.9556274,633.9584351,925.2147217,623.6345215,898.3726807,664.9299927,919.0204468,656.6708984,883.9193115,704.1606445,892.1784058,617.4402466,947.9272461,633.9584351,947.9272461,664.9299927,935.5385742,722.7435913,921.0852051,592.6629639,906.6317749,633.9584351,873.595459,629.8288574,846.753418,722.7435913,844.6885986
613.7024536,923.0692749,631.5217285,930.9889526,623.6020508,903.2701416,665.1802368,921.0893555,649.3409424,887.4308472,698.8388062,893.3706055,617.6622925,956.7278442,633.5016479,946.8282471,655.2807007,936.9287109,722.5977783,921.0893555,601.822998,903.2701416,605.7828369,903.2701416,629.5418091,847.8325195,702.798645,849.812439
611.0354004,933.1967773,629.1792603,937.7327881,611.0354004,917.3209229,660.9309692,924.1248779,642.7871094,892.3731689,690.4147339,892.3731689,617.8393555,967.2165527,633.71521,946.8046875,722.1665039,919.5889282,719.8984985,919.5889282,586.0875854,933.1967773,588.3555908,930.928833,629.1792603,847.0134888,690.4147339,851.5494995
607.5380249,942.9720459,628.4127808,945.0595093,607.5380249,926.2722168,653.4625244,928.3597412,632.5877686,897.0475464,680.5997314,892.8726196,613.8004761,972.1967163,588.7507324,930.4472046,628.4127808,849.0356445,722.3492432,917.9223022,578.3133545,940.8845825,590.8382568,930.4472046,628.4127808,849.0356445,672.2498169,859.4730225
604.1436157,946.0527954,621.0508423,946.0527954,604.1436157,929.1456299,652.7518311,929.1456299,625.2775879,901.6713867,675.9992065,893.2177734,610.4838257,975.6404419,629.5043945,848.8363647,629.5043945,848.8363647,720.3806763,918.5786133,574.5559692,943.9393921,589.3497925,931.2590332,629.5043945,848.8363647,665.432251,867.8569946
602.1981201,949.9096069,621.3839111,949.9096069,602.1981201,930.7238159,649.0968018,930.7238159,623.515686,905.1427002,672.5461426,894.4838867,608.5933838,981.8859863,617.1204224,979.7542114,719.4447632,917.9332275,719.4447632,917.9332275,572.3535156,947.777832,589.4075928,930.7238159,589.4075928,930.7238159,666.1508179,868.902832
603.6168823,954.5193481,620.4403687,956.6222534,599.4110107,937.6958618,645.6755371,933.4899902,620.4403687,910.3577271,654.0872803,891.4312744,609.9256592,988.1662598,622.5432739,880.916626,622.5432739,880.916626,717.175354,916.6665039,574.1757813,958.7252197,588.8963013,929.2841187,590.9992676,931.387085,664.6019897,868.2990112
599.8391724,960.8555908,617.2796631,963.0357056,599.8391724,941.2350464,643.4404297,939.0549927,621.6398315,917.2543945,669.6011963,910.7141724,608.5594482,995.7366333,617.2796631,993.5565796,641.260376,1004.456848,665.2410278,869.2929688,569.3182983,965.2157593,588.9388428,930.3347168,602.0192261,895.4537354,665.2410278,869.2929688
598.3394775,967.8405151,617.2510376,967.8405151,598.3394775,951.2929077,638.5266113,951.2929077,617.2510376,925.2894897,666.8939819,918.1976318,605.4312744,1000.935852,619.6149902,993.8439941,643.2544556,1010.391602,664.5300293,868.5546875,572.3359985,970.2044678,588.883667,930.017334,579.4278564,908.7418213,664.5300293,868.5546875
598.3498535,975.8209229,616.47052,975.8209229,596.0847778,959.965332,639.1213379,950.9050293,614.2054443,930.5192871,664.0372314,921.4589844,607.4101563,1005.266968,625.5308228,1000.736816,684.4229736,1000.736816,686.6880493,1000.736816,575.6990356,978.0859985,591.5545654,932.7843628,582.4942627,914.6636963,659.5070801,867.0969849
600.1402588,981.3441772,620.4198608,976.274292,595.0703125,958.5296021,569.7207642,983.8791504,610.2800293,933.1800537,658.4441528,923.0402832,610.2800293,1009.228699,625.4897461,1001.62384,569.7207642,983.8791504,620.4198608,905.2955933,572.2557373,986.4141235,592.5354004,933.1800537,579.8605957,912.9004517,655.9092407,872.3411865
599.0955811,986.5778809,616.2000732,981.6908569,589.3216553,969.4733887,569.7736816,989.0213623,606.4260864,940.1514893,667.5134277,949.9254761,606.4260864,1018.343262,625.9740601,1001.238831,579.5476685,913.2730713,687.0614014,1001.238831,569.7736816,993.9083252,621.0870361,910.8295288,579.5476685,913.2730713,655.2959595,883.9511108
650.2910767,926.1381226,605.2299805,988.3653564,590.2095947,966.9076538,628.8334351,973.3449707,605.2299805,945.4500122,652.4368286,930.4296265,603.0842285,1022.697571,624.5418701,1001.239929,639.5622559,1009.822998,648.1453247,891.8058472,566.6062012,996.9483643,568.7519531,973.3449707,581.6265259,913.2635498,648.1453247,891.8058472
592.2178345,994.7264404,606.4614258,992.3525391,585.0960693,985.2307129,625.4528809,973.361084,599.3395996,949.6217041,649.1921997,930.630249,596.9656982,1030.335449,642.0704346,1023.213623,642.0704346,1023.213623,637.3225098,904.5170288,561.3566895,1004.222168,563.7306519,982.8568115,580.3481445,914.0127563,637.3225098,902.1430664
586.3989868,1002.343567,604.1795654,1000.121033,581.9538574,984.5629883,621.960144,977.8952637,590.8441162,957.8921509,633.072998,935.6664429,595.2893066,1037.904785,624.1827393,1000.121033,646.4084473,1020.124146,624.1827393,913.4406738,555.282959,1011.233887,561.9506836,989.0081787,581.9538574,913.4406738,621.960144,911.2181396
585.5828857,1013.378418,603.2732544,1006.744507,578.9489746,995.6880493,620.9636841,980.2089233,590.0054932,964.7297974,640.8654175,942.6168213,596.6394043,1044.33667,623.1749878,1000.110596,645.2880249,1015.589722,625.3862915,924.9263916,554.6246338,1017.801025,561.2585449,989.0541382,581.1602783,916.0811768,625.3862915,922.7150879
585.8671265,1014.065247,600.8581543,1009.782104,577.3007813,1001.215759,622.2739258,981.9415894,590.1502686,966.9505005,628.6986694,936.9683838,596.5750122,1046.188965,641.5481567,1016.206848,645.8312988,1018.348389,626.5571289,926.260498,553.7434082,1020.48999,562.3097534,990.5078735,562.3097534,990.5078735,626.5571289,924.1189575
584.6350098,1018.962524,599.8074951,1014.627502,575.9649658,1003.789978,619.3150635,986.4499512,591.1375122,964.7749023,621.4825439,943.0999146,595.4724731,1047.140015,595.4724731,1049.307617,645.3250732,1016.795044,625.8175659,925.7598877,549.9549561,1025.465088,560.7924194,990.7849731,552.1224365,958.2723999,625.8175659,925.7598877
578.5790405,1024.345703,590.479248,1021.965637,569.0588379,1007.685303,611.8997192,998.1651611,580.9591064,976.7446899,609.5196533,948.184082,588.0992432,1057.666382,597.6194458,1055.286377,645.220459,1017.205566,626.1800537,926.7636108,545.2583008,1031.48584,559.5386353,991.0249634,542.8782959,971.9845581,623.7999878,926.7636108
575.9942627,1028.151123,588.2479858,1028.151123,568.6420288,1013.446655,607.8538818,1006.094482,580.895752,986.4885254,625.0090332,961.9811401,583.3464966,1060.010742,600.5016479,1055.109253,644.6149902,1018.348145,625.0090332,927.6707764,541.6838989,1035.503296,541.6838989,979.1362915,593.1494141,952.1781616,625.0090332,925.2200317
572.6608887,1039.079712,586.5765991,1035.10376,566.6969604,1023.175964,606.4562988,1015.22406,578.6247559,991.3685303,622.3599854,975.4647827,582.600708,1066.911133,600.4923706,1056.971313,640.2516479,1007.272217,640.2516479,1005.284241,544.8293457,1043.055542,590.5525513,959.5610962,546.8173218,979.4407349,590.5525513,959.5610962
575.0848389,1043.14563,570.6802979,1036.538696,568.4780273,1034.336426,608.1191406,1018.920471,579.4894409,1001.302185,619.1305542,981.4816284,588.298584,1071.775269,601.5122681,1056.359253,643.3557129,1005.706726,641.1533813,1005.706726,548.6574707,1049.752441,546.4552002,979.2792969,546.4552002,979.2792969,621.3328247,933.0313721
573.9686279,1049.720581,591.6535645,1042.141357,563.8629761,1032.035645,604.2856445,1029.509277,664.9197388,986.5601196,614.3913574,989.0865479,589.1271362,1080.037598,601.7592773,1057.299805,624.4970093,1062.352661,642.1819458,1006.771484,546.1780396,1062.352661,548.7044678,978.980835,548.7044678,978.980835,611.8649292,948.6638184
572.8655396,1061.934814,589.4458618,1054.828979,563.3910522,1047.723145,603.6575928,1031.142822,570.4969482,1012.193787,610.7634277,990.8762207,587.0772705,1090.358276,629.7124023,1073.777954,629.7124023,1071.409302,641.555481,1007.456543,544.4421387,1076.146484,539.704895,1061.934814,546.81073,979.0331421,598.9203491,964.8214111
570.3341675,1068.609741,584.2357788,1061.659058,558.7495117,1054.708252,602.7712402,1036.172729,565.7003174,1022.271179,600.4542847,994.4680176,586.5526733,1098.729858,637.5252075,1080.194458,637.5252075,1082.511353,642.1590576,1006.052673,542.5310059,1084.828369,540.2140503,1066.292847,547.164856,975.9325562,586.5526733,971.2987061
570.5834961,1073.181396,584.3372803,1066.304443,559.1220093,1061.719849,595.7987671,1036.504639,563.706604,1025.043213,598.0910645,995.2433472,586.6295776,1102.981201,637.0600586,1082.350586,637.0600586,1082.350586,641.6446533,1006.704773,538.491394,1086.935059,538.491394,1068.596802,547.6605835,979.1972656,584.3372803,976.9049683
567.9993896,1078.192993,588.6358643,1066.728271,558.8276367,1064.435303,595.5147095,1039.213013,563.4135132,1032.334106,595.5147095,997.9400635,590.928833,1105.708252,636.7875977,1080.48584,636.7875977,1080.48584,641.3734741,1007.111816,538.1912231,1091.950562,540.4841309,1069.02124,551.9488525,988.7683105,584.0499878,977.3035889
568.5872192,1082.946899,584.5157471,1072.327881,555.3134155,1067.018311,595.1347046,1045.780273,563.27771,1027.197021,595.1347046,1003.30426,587.1704712,1109.494385,637.6107788,1080.292114,637.6107788,1080.292114,640.265564,1005.958984,536.7301636,1096.220581,539.3848877,1067.018311,552.6586914,1027.197021,584.5157471,976.7567139
566.6428833,1091.071289,581.687439,1081.041504,556.6132202,1076.026733,594.2244873,1053.459961,561.6280518,1043.430298,596.7319336,1010.833862,586.7022705,1118.652832,591.7171021,1116.145386,639.3580322,1081.041504,634.3432007,1020.863525,534.0464478,1103.608276,539.0612793,1068.504517,529.0316162,1048.445068,584.1948242,978.2374268
566.0172119,1099.824951,579.3900146,1089.126709,555.3189697,1083.777588,592.7628174,1062.381104,555.3189697,1054.357422,595.4373779,1016.913574,582.0645752,1129.244995,598.1119385,1115.872192,638.2302856,1081.103027,638.2302856,1027.611816,533.9225464,1113.197632,525.8988647,1054.357422,525.8988647,1051.682861,582.0645752,979.4697876
565.1408081,1104.82959,583.2788696,1094.464966,557.3673706,1089.282715,593.6434326,1071.144653,541.8204346,1063.371216,596.2346191,1024.503906,583.2788696,1133.332275,601.4168701,1117.785278,637.6929932,1081.509277,635.1018677,1032.277344,536.6381226,1117.785278,541.8204346,1068.553467,526.2735596,1055.597778,583.2788696,980.4544067
573.1818848,1107.663696,591.0581055,1086.808105,558.2850342,1089.787476,549.3469238,1119.581177,561.2644043,1024.241333,597.0168457,1027.220703,594.0374756,1131.498657,599.9962158,1116.601807,638.7280273,1033.179443,635.7486572,1033.179443,546.3675537,1122.560547,525.5119629,1057.014404,525.5119629,1057.014404,582.1199951,988.4888916
574.4634399,1115.48584,590.1108398,1102.446289,564.0318604,1102.446289,595.3265991,1073.759399,558.81604,1073.759399,595.3265991,1032.033081,600.5424194,1136.348999,600.5424194,1118.093628,621.4055786,1102.446289,634.4450684,1032.033081,676.1713867,1149.388428,524.9133911,1055.50415,524.9133911,1058.112061,577.0713501,998.1304932
580.0986328,1127.659058,594.1856689,1111.224121,566.0115356,1113.571899,598.8813477,1080.702026,558.9679565,1076.006348,587.1421509,1038.440796,605.9249268,1141.746094,622.3598633,1106.528442,622.3598633,1106.528442,634.0990601,1031.397339,566.0115356,1148.789673,547.2287598,1132.354736,526.0981445,1057.223633,573.0550537,1012.614502
581.5684814,1132.005005,590.9515381,1120.276245,565.1481934,1122.62207,595.6430054,1089.781494,558.1109619,1087.435669,583.9142456,1047.557861,605.026062,1150.771118,637.8665771,1120.276245,635.520874,1120.276245,633.1751099,1031.137573,562.8024902,1153.116821,548.7279663,1143.733765,525.2703857,1056.940918,562.8024902,1031.137573
580.6964111,1135.812988,591.5025635,1122.845703,565.5678711,1125.006836,593.6638184,1090.427246,556.9229736,1092.588501,582.857666,1051.525269,604.4699097,1157.425293,641.2106934,1118.523193,641.2106934,1116.362061,632.5657959,1029.913086,554.7617188,1155.264038,548.2780762,1144.457886,526.6658325,1058.008911,565.5678711,1038.557861
579.7047729,1139.010742,593.0750122,1125.640503,566.3345947,1130.09729,595.3034058,1096.671753,557.4210815,1098.900024,579.7047729,1056.561035,604.2168579,1159.06604,639.8707886,1116.727051,639.8707886,1116.727051,630.9572754,1032.04895,552.9643555,1159.06604,548.5076294,1143.467407,528.4522705,1058.789429,564.1062012,1038.734131
580.9331665,1146.394165,594.1884155,1130.929688,565.46875,1133.138916,596.397644,1100.000732,561.050293,1102.209961,583.142395,1060.234985,605.2344971,1164.067749,642.7910156,1117.674438,642.7910156,1115.46521,627.3265381,1038.142944,552.213501,1164.067749,550.0042725,1144.184937,569.887146,1040.352173,543.3766479,1077.908691
579.2783203,1153.138306,594.708313,1140.279907,563.8483276,1137.708252,599.8516846,1106.848267,561.2766724,1111.991577,584.4216919,1068.273315,604.9949951,1171.140015,607.5666504,1165.996582,628.1400146,1052.843262,628.1400146,1055.414917,550.9899902,1173.71167,548.418335,1142.851563,522.7016602,1122.27832,568.9916992,1042.556641
579.5535889,1159.388306,591.8547363,1147.087158,564.7921143,1144.626831,599.2354736,1117.564209,559.8716431,1117.564209,589.3945313,1073.279907,601.6957397,1183.990723,613.9969482,1174.14978,638.5993042,1117.564209,628.7583618,1073.279907,547.5704346,1179.07019,550.0307007,1142.166626,527.8885498,1124.944946,567.2523804,1041.296753
578.8001099,1163.796631,589.1080322,1153.48877,563.3381958,1148.334717,599.4159546,1125.141968,558.1842651,1119.988037,591.6849976,1078.756348,599.4159546,1186.989502,614.8778076,1171.527588,638.0706787,1117.411011,630.3397217,1086.487183,553.0302734,1181.835449,529.8374634,1127.718872,529.8374634,1127.718872,568.4921875,1042.678589
579.0477295,1169.739136,591.6942749,1157.092529,566.401123,1157.092529,599.2822266,1129.27002,561.3424683,1124.211426,591.6942749,1086.271606,599.2822266,1192.50293,614.4581299,1172.268433,629.6340332,1083.74231,629.6340332,1086.271606,556.2838745,1192.50293,551.2252197,1144.445923,528.4613647,1126.740723,568.9304199,1048.331909
579.0481567,1177.255127,593.3718872,1165.318604,567.1116333,1165.318604,598.1464844,1131.896484,559.9497681,1129.509155,588.59729,1091.312378,598.1464844,1198.740723,614.857605,1174.867798,626.7940674,1086.537842,626.7940674,1086.537842,559.9497681,1198.740723,528.914917,1127.121826,528.914917,1127.121826,569.4989624,1060.277588
581.3130493,1185.862671,592.8179932,1172.056763,567.5071411,1172.056763,597.4199829,1139.842896,562.9051514,1139.842896,590.5170288,1098.425049,604.322937,1206.571655,615.8278809,1174.357788,643.4397583,1162.852783,627.3328247,1086.920166,560.604126,1208.872559,549.0991821,1188.163696,528.3902588,1128.338013,562.9051514,1075.415161
583.8782959,1195.188232,595.0894165,1179.492676,570.4250488,1181.734863,597.331665,1145.859375,561.4561768,1148.101685,586.1205444,1105.499512,610.7849121,1213.125977,615.2694092,1172.766113,648.9026489,1172.766113,626.4804688,1085.31958,565.9405518,1217.610352,554.7294922,1201.914917,530.0650635,1127.921631,559.2139282,1096.53064
586.1071167,1201.088623,596.4285889,1186.63855,571.6571045,1190.767212,596.4285889,1153.609985,561.3356934,1157.738525,584.0428467,1112.324219,617.0714111,1215.538574,612.9428711,1174.252808,650.1000366,1174.252808,627.3928833,1087.552734,569.5928345,1221.731445,555.1428223,1211.410034,530.3713379,1128.838501,559.2713623,1106.131348
586.5007324,1205.646729,597.5685425,1190.151855,571.0058594,1194.578979,595.3549805,1156.948486,562.1516724,1161.37561,579.8601074,1119.318115,615.2769775,1216.714478,615.2769775,1181.297607,648.4802856,1172.443359,624.1311646,1090.54187,568.7923584,1223.355225,555.5109863,1210.073853,531.1619263,1130.385864,562.1516724,1106.036743
585.6304932,1208.905273,599.1195068,1195.41626,572.1414185,1197.664429,599.1195068,1161.693604,563.1487427,1166.189941,581.1341553,1125.722778,614.8567505,1222.394287,621.6012573,1215.64978,648.5793457,1172.934448,621.6012573,1100.99292,565.3969116,1231.386963,556.4042358,1208.905273,563.1487427,1107.737427,560.9005737,1107.737427
586.7937012,1215.705811,596.5048828,1202.110107,571.2557983,1205.994629,600.3893433,1171.034302,563.4868774,1165.207642,582.9092407,1130.247437,610.1005249,1235.128174,625.6384277,1225.416992,650.8874512,1172.976563,627.5806274,1118.593994,561.5446167,1237.070313,555.7178955,1209.879028,627.5806274,1118.593994,563.4868774,1110.825073
585.7452393,1222.383057,597.7114868,1210.416748,571.3856812,1210.416748,602.4979858,1181.697754,561.8126831,1179.304443,585.7452393,1138.619141,612.0710449,1243.922363,626.430542,1227.169556,650.3630981,1172.124756,631.217041,1133.832642,559.4194336,1243.922363,554.6329346,1210.416748,528.3071289,1196.057251,564.2059326,1109.900146
585.8238525,1227.602051,597.8432617,1215.582642,571.4005737,1215.582642,602.651062,1186.736084,561.7850342,1186.736084,585.8238525,1145.870117,612.2666016,1249.237061,626.6898804,1227.602051,650.7286987,1172.312744,626.6898804,1143.466187,559.3811646,1246.83313,554.5733643,1208.370972,528.1306763,1196.351563,564.1889038,1109.811768
586.0686646,1233.090576,599.0622559,1217.498291,567.8776855,1220.097046,599.0622559,1191.511108,562.6802368,1188.912354,588.6674194,1149.931641,612.0558472,1253.880371,627.6481323,1227.893188,645.8391724,1173.320068,677.0238037,1149.931641,560.081543,1253.880371,526.2982178,1196.708496,526.2982178,1196.708496,565.2789307,1113.549561
586.5910645,1238.583252,598.4960938,1224.297119,569.9239502,1229.059204,600.8771362,1195.724976,562.7808838,1193.343994,586.5910645,1155.247681,612.7822266,1257.63147,627.0683594,1229.059204,636.5924072,1198.105957,624.6873169,1143.342651,565.1618652,1262.393433,524.6845703,1195.724976,527.0656128,1195.724976,565.1618652,1121.913452
586.1799927,1246.006714,597.6414795,1227.668335,570.1339111,1234.545166,595.3491821,1200.160767,560.9647217,1200.160767,586.1799927,1161.191772,613.6875,1264.344971,627.4412842,1227.668335,643.4873657,1225.375977,625.1489868,1142.853394,565.5493164,1266.637329,556.380188,1250.591309,526.5803223,1197.86853,560.9647217,1140.561157
589.9692993,1254.279297,599.0521851,1238.384277,574.0742798,1245.196533,596.7814331,1208.86499,562.7206421,1211.135742,583.1571045,1165.721313,617.2178955,1270.174438,626.3007813,1229.301392,651.2786865,1227.030762,624.0300903,1143.01416,574.0742798,1279.257324,560.4499512,1265.632935,526.3891602,1195.240723,558.1791992,1158.90918
589.659668,1258.630127,602.3674316,1240.839355,574.4102783,1248.463989,597.2843018,1210.340576,561.7025146,1217.965332,579.4934082,1174.758911,620.1583252,1276.421021,622.6998291,1230.673096,653.1984863,1225.589966,622.6998291,1144.260254,574.4102783,1281.50415,559.1610107,1266.254883,528.6623535,1195.091309,561.7025146,1164.592651
589.7134399,1262.682129,601.8214111,1245.730957,575.1838379,1252.995728,599.3997803,1214.250244,565.4974365,1221.515015,582.4486084,1175.504761,618.772583,1279.633301,652.6748657,1226.358154,652.6748657,1226.358154,621.1941528,1146.445557,572.7622681,1284.47644,558.232666,1267.525269,531.5951538,1199.720703,560.6542969,1165.818359
591.0874023,1267.631958,603.0557861,1253.668823,575.1295776,1257.658325,599.0663452,1219.758423,565.1559448,1221.753174,581.1137695,1181.858643,617.0189209,1283.589722,624.9978027,1271.62146,650.9292603,1227.737427,623.0030518,1161.911377,567.1506958,1289.573975,559.1717529,1267.631958,561.1665039,1267.631958,563.1612549,1165.900879
589.8129272,1275.177856,601.7663574,1263.224487,575.4688721,1265.615234,604.1570435,1229.755005,565.906189,1234.536377,585.0316162,1186.722778,616.1104126,1294.303345,628.0637817,1284.740601,654.3612671,1227.36438,628.0637817,1179.550781,561.1248169,1296.69397,558.7341309,1265.615234,525.2646484,1244.099121,563.5155029,1165.206665
588.3468018,1281.494995,600.5070801,1269.334717,573.7543945,1269.334717,605.3712158,1237.718018,566.458252,1240.150024,590.7788086,1191.508789,615.0994263,1303.383545,627.2597656,1286.359131,654.0123901,1227.989746,632.1238403,1198.805054,561.5941162,1300.951538,527.5452881,1249.878296,529.9772949,1249.878296,564.0261841,1167.188232
587.0905151,1285.75293,599.8312988,1275.560303,574.3497314,1275.560303,604.9276123,1244.982422,566.7052612,1244.982422,594.7349854,1199.115601,612.5720825,1308.686279,627.8610229,1285.75293,653.3425903,1224.597168,632.9573364,1201.663818,561.6089478,1306.138184,531.0310669,1255.175049,531.0310669,1252.626953,561.6089478,1168.53772
587.5837402,1290.747192,599.5524292,1281.172241,575.6150513,1281.172241,604.3399048,1252.447388,566.0401001,1247.659912,594.7649536,1202.178955,613.914856,1312.290771,628.2772827,1285.959717,640.2459717,1247.659912,630.6710205,1202.178955,563.6463623,1312.290771,532.527771,1250.053711,530.1340332,1252.447388,561.2526245,1171.060303
588.6286011,1295.905029,600.12146,1284.412231,574.8371582,1284.412231,604.7186279,1252.232178,565.6428223,1252.232178,595.524292,1208.559204,613.9129028,1316.592285,630.0029297,1286.710815,641.4957886,1268.322144,630.0029297,1201.663574,565.6428223,1316.592285,558.7471313,1291.307861,531.1642456,1254.530762,561.0457153,1180.976318
588.9589844,1302.369873,598.4431152,1288.143555,572.3617554,1290.514648,603.1851807,1259.691162,565.2486572,1257.32019,591.3300171,1217.012573,607.9272461,1323.709106,626.8955688,1285.772583,650.605896,1285.772583,631.6376343,1200.415283,567.6196899,1326.0802,555.7644653,1311.854004,529.6831055,1254.949097,558.135498,1195.673218
587.6224365,1309.900879,598.0926514,1294.195557,571.9171143,1299.430664,600.7102051,1262.784912,566.6820068,1268.02002,587.6224365,1226.13916,608.5628662,1330.841309,650.4437866,1291.578003,653.0613403,1291.578003,629.5033569,1202.581055,569.2995605,1330.841309,558.8293457,1317.75354,530.0361938,1254.932251,561.4468994,1205.19873
586.0821533,1314.651123,599.2391968,1301.494141,572.9251099,1304.125488,601.8706055,1267.285889,567.6622925,1275.180054,588.713562,1227.814697,612.3962402,1338.33374,622.921875,1293.599854,651.8673096,1293.599854,567.6622925,1222.55188,570.2937012,1338.33374,557.1367188,1317.282593,530.8226318,1254.128784,567.6622925,1217.289063
587.3053589,1317.064819,603.1131592,1303.891724,574.1322632,1306.526367,600.4785156,1272.276123,566.2283936,1277.54541,584.6707764,1235.391357,616.2862549,1338.141846,624.1901245,1295.987793,653.1710205,1293.353149,629.4594116,1203.775879,568.8629761,1340.776489,558.3244629,1317.064819,558.3244629,1317.064819,566.2283936,1219.583618
588.9821777,1323.678833,602.3710938,1307.612183,572.9155273,1310.289917,602.3710938,1275.47876,567.5599365,1280.834351,583.6266479,1240.667725,613.0822144,1339.745605,621.1155396,1329.034424,653.2489014,1291.545532,626.4711304,1213.889893,564.8822021,1342.42334,559.5266113,1318.323242,532.7487793,1288.867676,626.4711304,1213.889893
